Date,Open,High,Low,Close,Volume
2020-01-02,22.1,22.25,21.45,22.0,254000.0
2020-01-03,22.0,22.5,22.0,22.2,233200.0
2020-01-06,22.2,22.2,22.0,22.0,185300.0
2020-01-07,22.0,22.25,21.9,22.2,466300.0
2020-01-08,22.05,22.05,21.9,22.0,683900.0
2020-01-09,21.95,22.1,21.8,22.1,610500.0
2020-01-10,22.1,22.1,21.8,22.0,379200.0
2020-01-14,22.0,22.2,21.4,21.9,492900.0
2020-01-15,21.9,21.9,21.55,21.9,1173700.0
2020-01-16,21.9,21.9,21.55,21.65,485100.0
2020-01-17,21.8,21.8,21.55,21.8,370100.0
2020-01-20,21.8,21.8,21.05,21.5,271400.0
2020-01-21,21.1,21.5,20.95,21.5,497900.0
2020-01-22,21.45,21.45,20.95,21.1,914100.0
2020-01-23,21.3,21.5,21.05,21.5,164700.0
2020-01-24,21.5,22.0,21.0,22.0,242500.0
2020-01-27,22.0,22.0,21.2,21.65,99300.0
2020-01-28,21.65,21.65,20.65,20.65,217100.0
2020-01-29,20.7,21.1,19.96,20.0,2298500.0
2020-01-30,20.0,20.75,19.96,20.0,2106200.0
2020-01-31,20.0,22.0,19.9,22.0,729700.0
2020-02-03,21.6,21.6,20.2,20.35,275600.0
2020-02-04,21.4,21.4,20.2,20.2,563200.0
2020-02-05,20.3,20.5,19.86,20.25,440200.0
2020-02-06,20.5,20.6,20.3,20.35,316600.0
2020-02-07,20.0,20.8,20.0,20.8,137300.0
2020-02-10,20.8,20.8,20.2,20.3,376400.0
2020-02-11,20.3,20.3,19.98,20.3,548000.0
2020-02-12,20.3,20.3,19.96,20.0,213500.0
2020-02-13,20.05,20.2,19.98,20.2,238600.0
2020-02-14,20.2,20.25,19.8,19.9,1260400.0
2020-02-17,20.1,20.1,19.8,19.9,205300.0
2020-02-18,20.0,20.15,19.9,20.15,110100.0
2020-02-19,20.1,20.2,19.7,20.2,453200.0
2020-02-20,20.1,20.2,19.86,20.2,333700.0
2020-02-21,20.0,20.1,19.9,19.9,797000.0
2020-02-24,19.84,19.88,19.4,19.5,476700.0
2020-02-26,19.4,19.42,19.0,19.28,1253500.0
2020-02-27,19.28,19.5,19.16,19.5,1404900.0
2020-02-28,19.3,19.4,19.1,19.4,1287200.0
2020-03-02,19.5,19.6,18.9,19.14,3172700.0
2020-03-03,19.22,19.6,19.0,19.2,1899100.0
2020-03-04,19.3,19.6,19.12,19.42,452700.0
2020-03-05,19.6,19.84,19.42,19.46,1930200.0
2020-03-06,19.5,19.7,19.48,19.48,1733000.0
2020-03-09,19.1,19.2,18.8,19.0,1846700.0
2020-03-10,16.8,17.6,16.52,17.5,2434300.0
2020-03-11,17.36,17.54,17.0,17.3,998100.0
2020-03-12,17.0,17.0,14.4,14.46,1832300.0
2020-03-13,14.38,14.38,11.42,12.8,5069600.0
2020-03-16,12.0,12.7,11.72,12.16,5422200.0
2020-03-19,11.6,11.6,8.92,8.92,2873000.0
2020-03-20,9.99,9.99,8.3,9.1,3194700.0
2020-03-23,8.64,11.0,8.43,10.6,3469200.0
2020-03-24,10.6,10.8,10.2,10.62,974000.0
2020-03-25,10.84,11.0,10.42,10.8,4071900.0
2020-03-26,10.76,11.18,10.5,10.8,2845700.0
2020-03-27,11.0,11.48,10.6,10.6,2556000.0
2020-03-30,10.5,10.8,10.22,10.7,938400.0
2020-03-31,10.7,11.5,10.7,11.0,4562900.0
2020-04-01,11.3,11.74,11.18,11.44,2006800.0
2020-04-02,11.6,11.72,11.24,11.44,1440100.0
2020-04-03,11.74,11.82,11.48,11.82,1311200.0
2020-04-06,11.82,11.98,11.7,11.84,1417300.0
2020-04-07,12.0,12.4,11.92,12.0,4226000.0
2020-04-08,12.0,12.0,11.5,11.6,1075400.0
2020-04-13,11.8,12.2,11.8,12.2,675200.0
2020-04-14,12.38,12.8,12.36,12.4,2300400.0
2020-04-15,12.8,13.4,12.76,13.12,2266200.0
2020-04-16,13.2,13.2,12.5,12.5,2739200.0
2020-04-17,12.54,13.0,12.52,12.6,1801100.0
2020-04-20,12.98,12.98,12.6,12.76,723800.0
2020-04-21,12.66,12.66,12.0,12.2,894100.0
2020-04-22,12.2,12.22,11.8,12.0,1653600.0
2020-04-23,12.0,12.2,11.96,12.0,1960600.0
2020-04-24,12.0,12.02,11.82,11.82,956500.0
2020-04-27,11.8,12.6,11.68,12.6,718100.0
2020-04-28,12.36,12.36,11.82,11.98,574700.0
2020-04-29,12.2,12.2,12.0,12.1,973800.0
2020-04-30,12.18,12.18,12.08,12.1,1365700.0
2020-05-04,12.02,12.5,12.0,12.1,757300.0
2020-05-05,12.2,12.2,12.0,12.1,911800.0
2020-05-06,12.12,12.16,11.86,11.86,734700.0
2020-05-07,12.0,12.0,11.8,11.8,827500.0
2020-05-08,11.98,11.98,11.58,11.8,783700.0
2020-05-11,11.8,12.0,11.76,11.76,535900.0
2020-05-12,11.8,12.06,11.8,11.9,678300.0
2020-05-13,12.0,12.02,11.7,11.7,918600.0
2020-05-14,11.98,11.98,11.7,11.96,447800.0
2020-05-15,11.82,11.94,11.8,11.82,493500.0
2020-05-18,11.82,11.84,11.44,11.46,777800.0
2020-05-19,11.82,11.82,11.5,11.5,311900.0
2020-05-20,11.56,11.56,11.32,11.32,520300.0
2020-05-21,11.56,11.56,11.18,11.2,907800.0
2020-05-22,11.2,11.3,11.16,11.3,290100.0
2020-05-26,11.3,11.3,10.9,11.0,717000.0
2020-05-27,11.2,11.74,10.9,11.74,465800.0
2020-05-28,11.7,11.7,11.32,11.32,801100.0
2020-05-29,11.5,11.5,11.02,11.02,409500.0
2020-06-01,11.32,11.46,11.1,11.1,680000.0
2020-06-02,11.1,11.34,11.1,11.22,1730000.0
2020-06-03,11.32,11.44,11.3,11.38,2436400.0
2020-06-04,11.46,12.0,11.46,11.76,3006700.0
2020-06-05,11.94,12.84,11.9,12.76,4369300.0
2020-06-08,12.9,14.2,12.9,14.12,6143600.0
2020-06-09,14.4,14.7,13.32,14.0,4187100.0
2020-06-10,14.0,14.0,13.46,13.7,2241200.0
2020-06-11,13.52,13.58,12.96,13.52,3370900.0
2020-06-15,13.5,13.5,12.84,13.0,1413800.0
2020-06-16,12.98,13.34,12.8,12.98,674500.0
2020-06-17,13.28,13.36,13.0,13.04,4537900.0
2020-06-18,13.2,13.2,12.9,13.04,2477200.0
2020-06-19,13.04,13.04,12.88,12.88,3044700.0
2020-06-22,13.0,13.02,12.9,13.0,572200.0
2020-06-23,13.0,13.36,12.9,13.0,485400.0
2020-06-24,13.0,13.12,12.94,12.96,1496100.0
2020-06-25,12.9,12.92,12.5,12.5,1616500.0
2020-06-26,12.4,12.68,12.4,12.68,992400.0
2020-06-29,12.68,12.7,12.26,12.56,1643700.0
2020-06-30,12.68,12.7,12.48,12.68,1350200.0
2020-07-01,12.68,12.68,12.4,12.6,526000.0
2020-07-02,12.46,12.74,12.46,12.64,962800.0
2020-07-03,12.74,12.78,12.64,12.7,638300.0
2020-07-06,12.7,12.76,12.64,12.68,1108600.0
2020-07-07,12.68,12.7,12.5,12.5,870400.0
2020-07-08,12.56,12.56,12.34,12.36,807800.0
2020-07-09,12.36,12.36,11.98,12.04,4892100.0
2020-07-10,12.04,12.08,11.86,11.9,3262800.0
2020-07-13,12.0,12.08,11.84,12.0,322200.0
2020-07-14,12.08,12.08,11.86,11.9,720600.0
2020-07-15,12.0,12.0,11.42,11.6,1136300.0
2020-07-16,11.46,11.48,11.1,11.1,2601700.0
2020-07-17,11.12,11.56,11.12,11.12,2641400.0
2020-07-20,11.14,11.3,10.1,10.3,8425800.0
2020-07-21,10.4,10.54,10.16,10.32,3886300.0
2020-07-22,10.38,10.5,9.45,9.5,10833700.0
2020-07-23,9.51,9.84,9.41,9.46,7608400.0
2020-07-24,9.5,9.69,9.41,9.43,3473700.0
2020-07-27,9.49,9.6,9.44,9.5,6124300.0
2020-07-28,9.6,9.78,9.55,9.7,7709100.0
2020-07-29,9.81,10.24,9.8,9.9,8923800.0
2020-07-30,10.0,10.18,9.95,9.95,5845000.0
2020-08-03,9.7,9.7,9.35,9.55,2898900.0
2020-08-04,9.56,10.08,9.56,10.0,5312800.0
2020-08-05,10.06,10.44,10.06,10.44,5935200.0
2020-08-06,10.5,10.66,10.0,10.14,3163300.0
2020-08-07,10.3,10.38,9.99,10.24,2824500.0
2020-08-10,9.5,9.6,9.0,9.4,11131100.0
2020-08-11,9.43,9.74,9.4,9.41,7645000.0
2020-08-12,9.45,9.65,9.45,9.49,5391200.0
2020-08-13,9.55,9.68,9.5,9.6,6119200.0
2020-08-14,9.7,9.72,8.91,9.04,55775500.0
2020-08-17,9.11,9.22,8.62,9.22,16318700.0
2020-08-18,9.31,9.59,9.31,9.58,10371200.0
2020-08-19,9.59,9.66,9.4,9.55,12285100.0
2020-08-20,9.55,9.55,9.31,9.47,3198500.0
2020-08-24,9.49,9.56,9.41,9.44,3157100.0
2020-08-25,9.44,9.44,9.21,9.4,2002800.0
2020-08-26,9.41,9.42,9.11,9.25,5251400.0
2020-08-27,9.25,9.38,9.25,9.38,1502600.0
2020-08-28,9.38,9.47,9.38,9.42,2083700.0
2020-09-01,9.45,9.9,9.42,9.84,4913400.0
2020-09-02,9.86,9.9,9.76,9.8,2636100.0
2020-09-03,9.83,9.84,9.6,9.68,2007000.0
2020-09-04,9.6,9.6,9.38,9.4,3397500.0
2020-09-07,9.42,9.64,9.42,9.64,558100.0
2020-09-08,9.65,9.82,9.65,9.79,1752800.0
2020-09-09,9.8,10.1,9.75,9.96,4377300.0
2020-09-10,9.96,9.96,9.7,9.71,2590800.0
2020-09-11,9.8,9.86,9.79,9.79,1417000.0
2020-09-14,9.8,9.96,9.8,9.95,2747300.0
2020-09-15,9.99,9.99,9.86,9.88,1129300.0
2020-09-16,9.94,9.94,9.81,9.85,1794300.0
2020-09-17,9.87,9.9,9.8,9.83,677300.0
2020-09-18,9.9,9.96,9.8,9.8,1931000.0
2020-09-21,9.87,9.9,9.8,9.86,1056000.0
2020-09-22,9.86,9.95,9.75,9.95,1991000.0
2020-09-23,10.0,10.1,9.92,10.0,5695900.0
2020-09-24,10.1,10.1,9.92,9.95,1154700.0
2020-09-25,9.96,10.04,9.87,10.0,2421800.0
2020-09-28,10.04,10.1,10.0,10.02,1328100.0
2020-09-29,10.1,10.14,10.0,10.0,3869400.0
2020-09-30,10.06,10.08,9.97,9.98,2097300.0
2020-10-01,10.0,10.0,9.61,9.75,2946100.0
2020-10-02,9.75,10.02,9.74,9.95,833300.0
2020-10-05,9.98,10.0,9.87,9.99,928200.0
2020-10-06,9.99,9.99,9.85,9.86,1278800.0
2020-10-07,9.87,9.95,9.83,9.92,773100.0
2020-10-08,9.92,10.38,9.92,10.28,2737600.0
2020-10-09,10.32,10.94,10.32,10.74,5270100.0
2020-10-12,10.98,11.1,10.84,10.98,5163800.0
2020-10-13,11.1,11.1,10.7,10.78,3972700.0
2020-10-14,10.76,10.98,10.3,10.8,4018700.0
2020-10-15,10.84,11.5,10.78,11.4,5226900.0
2020-10-16,11.42,11.86,11.42,11.8,4458900.0
2020-10-19,11.88,12.0,11.82,11.92,6832800.0
2020-10-20,12.0,12.06,11.84,11.96,2798900.0
2020-10-21,11.98,12.04,11.84,11.94,2651200.0
2020-10-22,11.94,11.96,11.52,11.52,8058800.0
2020-10-23,11.54,11.9,11.52,11.7,2209900.0
2020-10-26,11.72,12.02,11.72,12.0,4435300.0
2020-10-27,12.02,12.06,11.58,11.66,4258500.0
2020-10-28,11.4,11.4,10.54,10.74,12582300.0
2020-10-29,10.5,10.58,10.02,10.3,9275500.0
2020-10-30,10.32,10.8,10.32,10.6,3232700.0
2020-11-03,10.64,10.9,10.64,10.78,1931900.0
2020-11-04,10.88,10.9,10.78,10.82,1224800.0
2020-11-05,10.8,10.92,10.7,10.82,2455800.0
2020-11-06,10.86,10.88,10.74,10.86,1082700.0
2020-11-09,10.9,10.9,10.8,10.88,1260900.0
2020-11-10,11.0,11.4,10.96,11.28,3852000.0
2020-11-11,11.3,11.6,11.28,11.58,2609200.0
2020-11-13,11.62,11.8,11.62,11.72,2668400.0
2020-11-16,11.72,11.82,11.32,11.6,1871300.0
2020-11-17,11.6,11.6,11.2,11.3,5077200.0
2020-11-18,11.3,11.3,11.02,11.22,2720000.0
2020-11-19,11.3,11.52,11.3,11.44,1811800.0
2020-11-20,11.6,11.96,11.46,11.92,26202400.0
2020-11-23,12.22,12.68,12.22,12.64,7958500.0
2020-11-24,12.66,12.8,12.22,12.34,4007600.0
2020-11-25,12.54,12.76,12.5,12.64,3304800.0
2020-11-26,12.68,12.72,12.08,12.16,3840900.0
2020-11-27,12.16,12.48,12.16,12.4,3940900.0
2020-12-01,12.6,12.74,12.12,12.16,4317400.0
2020-12-02,12.2,12.26,11.86,12.0,7312300.0
2020-12-03,11.96,12.36,11.84,12.0,7380500.0
2020-12-04,12.28,12.28,11.98,12.04,3490600.0
2020-12-07,12.1,12.62,12.08,12.54,3954500.0
2020-12-09,12.6,13.54,12.6,13.48,8173500.0
2020-12-10,13.5,13.74,13.2,13.32,4664000.0
2020-12-11,13.34,13.78,13.34,13.66,4069400.0
2020-12-14,13.84,13.92,13.7,13.76,4049200.0
2020-12-15,13.8,14.1,13.74,14.1,4397900.0
2020-12-16,14.2,14.88,14.18,14.82,4882300.0
2020-12-17,15.0,15.3,14.7,14.7,6434000.0
2020-12-18,14.7,15.1,14.7,14.92,2369900.0
2020-12-21,15.0,15.08,14.2,14.44,5011400.0
2020-12-22,14.4,14.4,13.52,13.78,5306400.0
2020-12-23,13.5,14.38,13.32,14.38,2891900.0
2020-12-28,14.16,14.16,13.7,13.86,4312600.0
2020-12-29,13.82,14.22,13.78,13.78,2903500.0
2021-01-04,13.86,14.0,13.6,14.0,2941700.0
2021-01-05,14.1,14.1,12.8,13.14,5091400.0
2021-01-06,13.0,13.1,12.62,12.88,2818900.0
2021-01-07,12.88,13.52,12.88,13.5,1528700.0
2021-01-08,13.5,13.8,13.5,13.8,1156300.0
2021-01-11,13.86,14.22,13.8,14.0,2106600.0
2021-01-12,14.0,14.0,13.64,13.8,1331400.0
2021-01-13,14.0,14.02,13.78,14.0,1234700.0
2021-01-14,13.8,14.0,13.54,13.94,1117600.0
2021-01-15,13.96,13.96,13.56,13.8,1558400.0
2021-01-18,13.76,13.76,13.42,13.64,1443100.0
2021-01-19,13.42,13.6,13.14,13.6,2806600.0
2021-01-20,13.58,13.7,13.2,13.5,1458300.0
2021-01-21,13.5,13.5,13.16,13.3,1117600.0
2021-01-22,13.24,13.26,13.08,13.26,1088700.0
2021-01-25,13.06,13.22,12.88,13.0,1878700.0
2021-01-26,13.0,13.02,12.3,12.32,3698300.0
2021-01-27,12.3,12.82,11.78,12.8,1856100.0
2021-01-28,12.48,12.84,12.3,12.82,1143000.0
2021-01-29,12.82,12.82,12.28,12.28,1360500.0
2021-02-01,12.26,12.6,12.26,12.32,548100.0
2021-02-02,12.5,12.58,12.34,12.44,935300.0
2021-02-03,12.62,12.78,12.56,12.7,1076600.0
2021-02-04,12.7,12.74,12.62,12.68,767300.0
2021-02-05,12.68,12.86,12.66,12.8,953800.0
2021-02-08,12.84,12.9,12.76,12.76,1243700.0
2021-02-09,12.76,12.8,12.74,12.8,1275500.0
2021-02-10,12.82,13.18,12.8,12.88,1549700.0
2021-02-11,12.92,13.14,12.8,12.8,743500.0
2021-02-15,12.8,12.9,12.8,12.88,653900.0
2021-02-16,12.88,12.98,12.7,12.7,973500.0
2021-02-17,12.8,13.0,12.8,12.84,457900.0
2021-02-18,12.84,12.9,12.68,12.84,760700.0
2021-02-19,12.84,12.86,12.58,12.68,980100.0
2021-02-22,12.68,12.7,12.5,12.62,2244800.0
2021-02-23,12.6,12.6,12.3,12.56,1555500.0
2021-02-24,12.56,12.84,12.38,12.84,1678000.0
2021-02-26,12.6,12.8,12.5,12.76,1857100.0
2021-03-01,12.76,12.76,12.5,12.72,631500.0
2021-03-02,12.72,12.86,12.72,12.8,1367600.0
2021-03-03,12.8,13.0,12.78,12.9,3839200.0
2021-03-04,12.98,12.98,12.66,12.92,961100.0
2021-03-05,12.88,12.9,12.8,12.88,1463800.0
2021-03-08,12.88,12.88,12.62,12.74,1514500.0
2021-03-09,12.62,12.62,12.32,12.46,1687200.0
2021-03-10,12.4,12.56,12.3,12.52,2657600.0
2021-03-11,12.56,12.56,12.38,12.5,1533900.0
2021-03-12,12.46,12.5,12.36,12.5,649700.0
2021-03-15,12.4,12.4,11.8,11.96,2772800.0
2021-03-16,11.9,11.98,11.76,11.98,1386300.0
2021-03-17,12.0,12.0,11.88,11.98,1718500.0
2021-03-18,11.96,12.0,11.9,11.94,1047700.0
2021-03-19,11.94,12.3,11.84,12.3,6706200.0
2021-03-22,11.98,12.0,11.4,11.86,2560000.0
2021-03-23,11.76,11.84,11.76,11.78,3755900.0
2021-03-24,11.76,12.06,11.7,12.0,2155800.0
2021-03-25,12.2,13.56,12.0,13.32,14600400.0
2021-03-26,13.66,13.8,13.28,13.3,5805600.0
2021-03-29,13.2,13.6,12.8,13.6,6952700.0
2021-03-30,13.66,13.66,13.48,13.6,1836500.0
2021-03-31,13.64,13.68,13.54,13.58,2201900.0
2021-04-05,13.4,13.7,13.4,13.56,2528900.0
2021-04-06,13.58,13.62,13.48,13.48,4662500.0
2021-04-07,12.3,12.5,12.12,12.36,8058900.0
2021-04-08,12.4,12.4,12.1,12.16,2151700.0
2021-04-12,12.16,12.18,11.88,12.0,1888800.0
2021-04-13,12.0,12.0,11.76,11.78,1469800.0
2021-04-14,11.8,12.02,11.76,11.98,615600.0
2021-04-15,12.0,12.06,11.82,12.0,791300.0
2021-04-16,12.2,12.28,12.14,12.16,500400.0
2021-04-19,12.16,12.18,11.96,12.16,1596400.0
2021-04-20,12.2,12.24,12.06,12.16,255200.0
2021-04-21,12.16,12.3,12.08,12.18,763300.0
2021-04-22,12.22,12.22,11.8,12.02,1197400.0
2021-04-23,12.02,12.04,11.96,12.0,665200.0
2021-04-26,12.0,12.08,12.0,12.04,952400.0
2021-04-27,12.04,12.1,12.02,12.06,497600.0
2021-04-28,12.02,12.18,11.98,12.16,1075300.0
2021-04-29,12.18,12.28,12.1,12.24,573200.0
2021-04-30,12.28,12.62,12.24,12.3,2232900.0
2021-05-03,12.4,12.58,12.38,12.48,840500.0
2021-05-04,12.5,12.56,12.38,12.42,608500.0
2021-05-05,12.56,12.64,12.52,12.62,1378100.0
2021-05-06,12.64,12.74,12.6,12.7,1174900.0
2021-05-07,12.7,12.74,12.6,12.62,402200.0
2021-05-10,12.62,13.12,12.62,12.98,3361900.0
2021-05-11,12.92,13.1,12.6,12.6,1439100.0
2021-05-12,12.6,12.8,12.2,12.26,2618100.0
2021-05-14,12.26,12.5,12.2,12.5,1522500.0
2021-05-17,12.5,12.58,12.3,12.5,323700.0
2021-05-18,12.5,12.66,12.42,12.62,663500.0
2021-05-19,12.76,12.76,12.6,12.7,894400.0
2021-05-20,12.8,12.8,12.68,12.72,449200.0
2021-05-21,12.68,12.68,12.5,12.62,794900.0
2021-05-24,12.62,12.7,12.62,12.68,450600.0
2021-05-25,12.7,13.16,12.66,12.9,2281800.0
2021-05-26,12.9,13.08,12.88,12.94,889000.0
2021-05-27,12.86,13.1,12.86,13.02,2181100.0
2021-05-28,13.1,13.26,13.02,13.18,1222100.0
2021-05-31,13.18,13.4,13.14,13.14,1757000.0
2021-06-01,13.18,13.36,13.18,13.36,475900.0
2021-06-02,13.3,13.66,13.3,13.66,4618200.0
2021-06-03,13.68,14.18,13.68,14.04,3818300.0
2021-06-04,14.04,14.04,13.76,13.82,1752600.0
2021-06-07,13.88,14.08,13.88,14.0,1135700.0
2021-06-08,14.0,14.42,13.98,14.38,3362300.0
2021-06-09,14.38,14.4,14.2,14.28,1315000.0
2021-06-10,14.28,14.44,13.92,14.0,1240900.0
2021-06-11,13.98,14.26,13.94,14.18,1556000.0
2021-06-14,14.18,14.4,14.16,14.3,1271900.0
2021-06-15,14.36,14.8,14.36,14.8,2347800.0
2021-06-16,14.8,14.92,14.6,14.6,2460800.0
2021-06-17,14.62,14.68,14.16,14.32,1057900.0
2021-06-18,14.28,14.28,13.96,13.96,2536100.0
2021-06-21,13.94,14.24,13.84,14.2,815100.0
2021-06-22,14.2,14.32,14.18,14.26,1303800.0
2021-06-23,14.3,14.68,14.3,14.46,1276400.0
2021-06-24,14.5,14.58,14.38,14.4,885700.0
2021-06-25,14.44,14.44,14.2,14.28,705400.0
2021-06-28,14.38,14.4,14.28,14.34,516000.0
2021-06-29,14.34,14.68,14.32,14.6,858700.0
2021-06-30,14.6,14.84,14.58,14.74,1686500.0
2021-07-01,14.78,15.58,14.78,15.44,10115700.0
2021-07-02,15.56,16.06,15.56,15.98,6186100.0
2021-07-05,16.0,16.82,15.98,16.8,5120200.0
2021-07-06,16.8,17.2,16.36,16.7,7670900.0
2021-07-07,16.62,16.62,16.12,16.3,2533600.0
2021-07-08,16.28,16.96,16.14,16.78,3006400.0
2021-07-09,16.9,16.9,16.26,16.6,2590400.0
2021-07-12,16.8,16.9,16.72,16.8,1330300.0
2021-07-13,16.66,16.78,16.32,16.6,1731100.0
2021-07-14,16.6,17.2,16.6,17.1,3597100.0
2021-07-15,17.12,17.6,17.04,17.58,4841000.0
2021-07-16,17.58,17.68,16.3,17.16,4416300.0
2021-07-19,16.8,16.8,15.32,16.7,4944700.0
2021-07-21,16.6,16.62,16.38,16.48,2338300.0
2021-07-22,16.52,16.8,16.52,16.76,1376800.0
2021-07-23,16.72,16.74,16.28,16.4,1696100.0
2021-07-26,16.42,16.46,15.78,15.96,2225900.0
2021-07-27,15.92,16.48,15.92,16.38,1154100.0
2021-07-28,16.4,16.4,15.98,16.06,780400.0
2021-07-29,16.02,16.6,16.02,16.52,2466200.0
2021-07-30,16.5,17.04,16.14,16.32,3000900.0
2021-08-02,16.2,16.68,16.14,16.34,710700.0
2021-08-03,16.5,17.48,16.3,17.48,5954500.0
2021-08-04,17.54,17.98,17.14,17.3,3557000.0
2021-08-05,17.3,17.8,17.0,17.2,1245900.0
2021-08-06,17.2,17.2,16.8,17.1,1156200.0
2021-08-09,17.1,17.78,17.1,17.36,3550200.0
2021-08-10,17.36,18.2,17.34,18.08,3932100.0
2021-08-11,18.08,18.18,17.8,17.8,3880700.0
2021-08-12,17.84,18.08,17.02,17.14,3605500.0
2021-08-13,17.12,17.12,16.56,16.6,4697100.0
2021-08-16,16.76,17.4,16.76,17.1,1205900.0
2021-08-17,17.18,17.88,17.18,17.5,1693400.0
2021-08-18,17.58,17.8,17.32,17.48,1909200.0
2021-08-19,17.42,17.42,17.0,17.3,1636600.0
2021-08-20,17.2,17.36,16.74,16.82,4062500.0
2021-08-23,16.8,16.8,16.3,16.3,6959600.0
2021-08-24,16.36,16.9,16.36,16.6,1807300.0
2021-08-25,16.68,16.94,16.36,16.36,6529600.0
2021-08-26,16.5,16.88,16.5,16.52,2687000.0
2021-08-27,16.6,16.6,16.42,16.5,3495600.0
2021-08-31,16.54,17.12,16.54,16.96,3522400.0
2021-09-01,17.1,17.96,17.1,17.96,5613200.0
2021-09-02,17.9,18.28,17.8,18.12,5361100.0
2021-09-03,18.14,18.28,17.68,18.04,4167500.0
2021-09-06,18.02,18.46,18.0,18.22,3638400.0
2021-09-07,18.2,18.4,17.82,18.0,2044100.0
2021-09-08,18.0,18.2,17.96,18.1,4098300.0
2021-09-09,18.12,18.2,18.04,18.08,2739600.0
2021-09-10,18.14,18.16,17.98,18.08,4945700.0
2021-09-13,18.08,18.6,18.0,18.58,4857700.0
2021-09-14,18.66,18.94,18.66,18.8,3655700.0
2021-09-15,18.9,18.94,18.84,18.9,1982000.0
2021-09-16,18.9,19.42,18.9,19.4,4669100.0
2021-09-17,19.4,19.48,19.12,19.2,5683000.0
2021-09-20,19.2,19.38,18.3,18.5,4803000.0
2021-09-21,18.34,18.4,18.08,18.24,6598500.0
2021-09-22,18.24,18.98,18.2,18.66,1495800.0
2021-09-23,18.92,19.3,18.76,18.78,827800.0
2021-09-24,18.8,19.3,18.4,18.94,949200.0
2021-09-27,18.94,19.08,18.74,18.76,2592900.0
2021-09-28,19.0,19.28,18.56,18.6,1672600.0
2021-09-29,18.6,19.44,18.52,19.02,5371900.0
2021-09-30,19.18,21.4,19.18,21.0,12890800.0
2021-10-01,21.2,22.9,21.2,22.3,7751400.0
2021-10-04,22.7,24.6,22.7,23.95,10376500.0
2021-10-05,23.95,24.65,23.65,23.8,9226900.0
2021-10-06,24.3,25.7,24.3,25.0,7154600.0
2021-10-07,24.5,24.6,23.75,24.2,5507800.0
2021-10-08,24.6,25.5,24.5,24.9,3515200.0
2021-10-11,24.9,26.1,24.8,25.45,4761300.0
2021-10-12,26.5,28.35,26.4,28.0,15699100.0
2021-10-13,28.55,30.5,28.55,30.5,12881200.0
2021-10-14,30.4,30.5,29.1,29.5,7497500.0
2021-10-15,29.5,30.8,29.35,30.1,9298400.0
2021-10-18,30.0,30.6,29.5,29.8,6091500.0
2021-10-19,29.7,29.7,29.0,29.25,9408000.0
2021-10-20,27.8,28.6,26.75,27.4,9149700.0
2021-10-21,27.25,28.35,26.6,28.25,15504800.0
2021-10-22,28.25,28.25,27.5,27.5,1898200.0
2021-10-25,27.5,28.5,27.5,27.5,1377000.0
2021-10-26,27.5,28.3,27.5,28.05,1809200.0
2021-10-27,28.05,29.1,27.9,28.95,5073100.0
2021-10-28,28.6,28.6,26.0,26.05,11220400.0
2021-10-29,26.05,26.5,25.1,26.0,5225800.0
2021-11-02,23.9,24.45,23.0,24.0,13335000.0
2021-11-03,23.95,24.75,23.15,24.0,3969100.0
2021-11-04,24.0,24.45,23.45,24.35,1946000.0
2021-11-05,24.35,24.5,23.8,24.25,2350300.0
2021-11-08,24.0,24.0,23.4,23.9,2510500.0
2021-11-09,23.9,24.25,23.55,23.9,2981200.0
2021-11-10,23.9,24.45,23.7,23.9,2290800.0
2021-11-11,23.8,24.05,23.1,23.4,4465200.0
2021-11-12,23.5,23.7,21.8,22.1,6014100.0
2021-11-15,22.1,22.15,20.65,21.1,6468700.0
2021-11-16,21.15,22.7,21.1,22.4,2432600.0
2021-11-17,22.7,24.0,22.55,24.0,3950200.0
2021-11-18,23.85,23.85,22.9,23.3,1148500.0
2021-11-19,23.5,23.5,22.1,22.2,1279200.0
2021-11-22,22.7,22.75,22.0,22.0,1061300.0
2021-11-23,22.0,23.0,21.9,23.0,1977400.0
2021-11-24,23.0,23.65,22.95,23.05,1987100.0
2021-11-25,23.0,23.15,22.6,23.0,889900.0
2021-11-26,23.0,23.4,22.5,23.0,1404900.0
2021-11-29,22.6,22.85,21.55,22.85,2603900.0
2021-12-01,22.2,23.75,22.2,23.1,3396800.0
2021-12-02,23.0,23.45,22.6,23.4,1115700.0
2021-12-03,23.5,23.5,22.0,22.45,2082000.0
2021-12-06,22.5,22.7,22.25,22.35,339700.0
2021-12-07,22.35,23.0,21.55,21.55,1334900.0
2021-12-09,21.75,22.2,21.7,21.7,489000.0
2021-12-10,21.7,22.2,21.35,21.4,879200.0
2021-12-13,21.5,22.45,21.5,21.7,433600.0
2021-12-14,21.7,21.95,21.6,21.9,457900.0
2021-12-15,21.65,21.8,21.2,21.25,1018200.0
2021-12-16,21.25,21.85,21.1,21.25,1079300.0
2021-12-17,21.25,21.8,21.0,21.0,1514100.0
2021-12-20,21.15,21.7,21.0,21.0,941600.0
2021-12-21,21.1,21.35,20.6,20.6,1330600.0
2021-12-22,20.65,21.05,20.65,20.9,313800.0
2021-12-23,20.95,21.85,20.95,21.85,591900.0
2021-12-24,21.85,21.9,21.3,21.7,102700.0
2021-12-27,21.7,21.7,21.15,21.5,154000.0
2021-12-28,21.5,21.65,21.2,21.55,334800.0
2021-12-29,21.9,22.2,21.5,21.8,1564400.0
2021-12-31,21.9,22.0,21.2,21.35,140200.0
2022-01-03,22.2,23.3,22.1,22.6,3272300.0
2022-01-05,23.3,24.1,23.05,23.9,4460800.0
2022-01-06,23.9,24.0,23.1,23.6,2271100.0
2022-01-07,23.8,24.65,23.2,23.65,2821400.0
2022-01-10,23.6,24.4,23.1,24.15,2814100.0
2022-01-11,24.15,24.25,23.3,23.35,2631000.0
2022-01-12,23.4,23.8,23.4,23.8,1495500.0
2022-01-13,24.0,24.65,23.7,23.95,3305200.0
2022-01-14,23.95,24.75,23.8,24.25,2461800.0
2022-01-17,24.5,25.25,24.3,25.0,3287000.0
2022-01-18,25.25,25.3,24.7,24.75,1141500.0
2022-01-19,24.75,24.75,24.2,24.4,1552500.0
2022-01-20,24.2,25.0,24.15,25.0,2139100.0
2022-01-21,25.0,25.0,24.3,24.6,815600.0
2022-01-24,24.65,24.65,23.5,24.15,2254400.0
2022-01-25,23.8,24.4,23.75,24.2,1334800.0
2022-01-26,24.15,24.65,23.9,24.4,946100.0
2022-01-27,24.55,24.65,23.9,24.0,1421700.0
2022-01-28,23.95,24.5,23.9,24.4,570100.0
2022-01-31,24.5,25.5,24.5,25.05,4286000.0
2022-02-02,25.05,25.45,25.0,25.3,1703200.0
2022-02-03,25.35,25.7,24.7,24.75,1410000.0
2022-02-04,24.7,25.0,24.7,24.8,854400.0
2022-02-07,25.1,25.2,24.8,25.1,1148300.0
2022-02-08,25.2,26.0,25.1,25.85,3977300.0
2022-02-09,26.0,26.4,25.85,26.2,1665200.0
2022-02-10,26.25,26.5,25.55,26.0,870300.0
2022-02-11,26.2,26.2,25.25,25.8,1401100.0
2022-02-14,25.7,26.2,25.25,26.1,1543800.0
2022-02-15,26.05,26.2,25.65,26.0,1008800.0
2022-02-16,26.05,26.5,25.9,26.1,1360700.0
2022-02-17,26.15,27.25,26.1,26.85,4538500.0
2022-02-18,26.8,26.85,26.6,26.7,972000.0
2022-02-21,26.7,27.1,26.1,26.9,1733900.0
2022-02-22,26.85,27.05,26.0,26.9,1228300.0
2022-02-23,26.9,26.9,26.3,26.3,1237900.0
2022-02-24,26.3,26.85,24.25,25.0,4658500.0
2022-02-28,26.75,27.7,26.05,27.7,7078300.0
2022-03-01,28.0,28.8,28.0,28.35,4078000.0
2022-03-02,28.7,30.45,28.7,30.4,11284200.0
2022-03-03,31.0,32.7,31.0,32.7,17777600.0
2022-03-04,32.65,32.65,31.25,31.9,6941000.0
2022-03-07,32.45,34.85,31.4,34.1,16065700.0
2022-03-08,34.2,35.0,32.55,33.65,8628100.0
2022-03-09,33.55,33.6,31.25,32.05,7682200.0
2022-03-10,31.2,32.8,30.5,32.4,5634500.0
2022-03-11,32.0,32.5,30.15,31.0,5295100.0
2022-03-14,30.6,31.0,28.5,28.9,8021300.0
2022-03-15,28.8,28.9,26.1,28.0,8815000.0
2022-03-16,28.35,30.35,28.35,29.5,5010000.0
2022-03-17,29.1,30.1,29.0,29.2,2681100.0
2022-03-18,29.5,31.25,29.3,31.25,8327300.0
2022-03-21,31.45,32.3,30.85,31.55,5924400.0
2022-03-22,31.55,31.65,30.05,30.9,3102600.0
2022-03-23,31.05,31.35,30.95,31.2,1509600.0
2022-03-24,31.3,32.1,31.3,31.9,3743800.0
2022-03-25,31.9,31.9,31.55,31.6,1811100.0
2022-03-28,31.5,32.9,31.5,32.0,6017900.0
2022-03-29,31.75,31.75,30.15,30.5,5108900.0
2022-03-30,30.6,30.85,30.2,30.45,4111800.0
2022-03-31,30.5,30.9,30.5,30.7,3510300.0
2022-04-01,31.0,31.65,30.4,30.65,4425400.0
2022-04-04,30.65,30.85,29.8,30.35,3256800.0
2022-04-05,30.35,30.7,30.25,30.6,2637200.0
2022-04-06,30.9,31.8,30.7,31.5,5441100.0
2022-04-07,31.8,31.95,30.9,31.0,3633100.0
2022-04-08,31.25,31.65,31.2,31.45,4536800.0
2022-04-11,30.7,30.9,30.1,30.9,5759900.0
2022-04-12,30.9,30.9,30.2,30.75,3212200.0
2022-04-13,30.45,30.75,30.4,30.65,2425700.0
2022-04-18,30.7,30.75,30.25,30.3,991900.0
2022-04-19,30.55,30.55,29.5,30.45,1863500.0
2022-04-20,30.4,30.5,29.95,30.3,1690700.0
2022-04-21,30.45,31.4,30.3,31.0,5562300.0
2022-04-22,30.8,31.2,30.2,30.8,1459800.0
2022-04-25,30.35,30.35,28.7,28.9,7999000.0
2022-04-26,29.0,29.0,27.7,28.3,8381500.0
2022-04-27,28.1,28.2,27.15,27.25,4404800.0
2022-04-28,27.4,28.2,26.85,27.0,4739100.0
2022-04-29,27.2,27.95,27.0,27.5,2944700.0
2022-05-02,27.4,27.7,27.0,27.5,1022700.0
2022-05-04,27.45,27.5,27.1,27.25,1981600.0
2022-05-05,27.6,28.75,27.6,28.5,3974600.0
2022-05-06,27.75,28.6,27.75,28.3,1761700.0
2022-05-10,30.0,30.45,27.1,27.1,14007700.0
2022-05-11,27.8,28.45,27.75,28.2,3122600.0
2022-05-12,28.5,29.35,28.2,29.2,3917200.0
2022-05-13,29.25,29.8,28.15,28.25,2898400.0
2022-05-16,28.5,29.25,28.5,28.85,7314400.0
2022-05-17,29.0,30.1,29.0,29.75,6394900.0
2022-05-18,30.2,31.65,30.2,31.25,6900200.0
2022-05-19,30.5,31.65,30.0,31.5,4168600.0
2022-05-20,31.7,32.5,31.5,32.5,8618700.0
2022-05-23,32.6,33.45,32.5,32.5,5279600.0
2022-05-24,32.55,33.0,32.5,33.0,3617700.0
2022-05-25,32.9,33.55,32.4,33.5,4853100.0
2022-05-26,33.5,33.5,32.4,32.4,2716300.0
2022-05-27,32.6,33.2,32.35,33.05,2492200.0
2022-05-30,33.15,33.9,33.15,33.5,2711800.0
2022-05-31,33.55,33.85,33.0,33.0,7117200.0
2022-06-01,33.7,35.55,33.7,35.25,14598700.0
2022-06-02,35.55,36.1,34.7,35.95,6861300.0
2022-06-03,36.05,37.2,36.0,37.0,6832800.0
2022-06-06,37.0,37.25,35.25,35.95,6608400.0
2022-06-07,35.95,37.0,35.9,36.5,3357200.0
2022-06-08,36.6,36.7,36.0,36.4,2689600.0
2022-06-09,36.3,36.4,35.5,35.7,3247300.0
2022-06-10,35.2,35.2,33.9,34.1,9296200.0
2022-06-13,33.6,33.9,32.6,33.9,7780800.0
2022-06-14,33.0,34.5,33.0,34.5,3030000.0
2022-06-15,34.05,35.7,34.0,34.0,6687500.0
2022-06-16,34.6,35.05,34.4,34.95,3126900.0
2022-06-17,34.5,35.7,34.0,35.7,2253700.0
2022-06-20,35.85,35.85,34.5,35.0,2189800.0
2022-06-21,35.1,35.8,35.1,35.7,2229000.0
2022-06-22,35.85,36.05,35.0,35.0,2366500.0
2022-06-23,35.05,35.15,33.15,33.5,4315900.0
2022-06-24,33.5,34.25,33.5,33.75,1709300.0
2022-06-27,33.6,34.2,32.65,32.9,3950600.0
2022-06-28,32.75,34.65,32.75,34.65,4188000.0
2022-06-29,34.6,34.6,34.15,34.35,1313500.0
2022-06-30,34.05,35.0,33.8,35.0,2557700.0
2022-07-01,35.0,36.6,34.6,36.0,6259800.0
2022-07-04,36.0,36.65,35.6,36.2,4565400.0
2022-07-05,36.55,37.65,36.5,37.1,9373100.0
2022-07-06,37.0,37.4,36.35,36.35,4984900.0
2022-07-07,37.0,37.0,36.35,36.5,2102300.0
2022-07-08,36.6,36.95,36.15,36.75,2647100.0
2022-07-11,36.95,37.0,36.35,36.9,2124200.0
2022-07-12,36.8,38.0,36.8,38.0,9982000.0
2022-07-13,38.0,39.25,37.3,38.5,12552200.0
2022-07-14,38.05,39.0,37.75,39.0,4046800.0
2022-07-15,38.55,38.9,37.95,38.1,3915900.0
2022-07-18,37.8,38.35,37.8,37.95,3415400.0
2022-07-19,38.0,39.65,38.0,39.25,8252600.0
2022-07-20,39.15,40.7,39.15,40.7,11714300.0
2022-07-21,40.7,41.4,40.7,41.2,4324400.0
2022-07-22,41.0,41.0,40.35,40.45,2706600.0
2022-07-25,40.35,40.35,39.55,40.0,2402600.0
2022-07-26,40.0,41.05,40.0,40.2,3094700.0
2022-07-27,40.3,42.0,40.3,41.0,6438700.0
2022-07-28,41.75,41.9,41.2,41.5,2938600.0
2022-07-29,41.55,41.7,41.4,41.5,1843700.0
2022-08-01,41.7,42.15,39.75,40.15,14485100.0
2022-08-02,40.15,41.0,40.15,40.55,6898100.0
2022-08-03,40.2,40.85,39.7,40.85,7330900.0
2022-08-04,41.0,41.2,40.75,40.9,6315800.0
2022-08-05,40.9,41.05,39.95,41.0,54371500.0
2022-08-08,39.95,40.0,38.95,39.5,19710200.0
2022-08-09,39.3,39.7,39.05,39.5,4298600.0
2022-08-10,39.5,39.95,39.5,39.55,1551900.0
2022-08-11,39.85,40.4,39.8,40.4,2407400.0
2022-08-12,40.4,41.45,40.0,41.05,2761800.0
2022-08-15,40.9,42.6,40.8,42.55,6128900.0
2022-08-16,42.45,44.2,42.05,44.0,6402300.0
2022-08-17,43.5,44.4,43.5,44.1,3248700.0
2022-08-18,43.65,44.0,42.8,42.8,2321600.0
2022-08-19,42.9,43.6,42.9,43.5,741000.0
2022-08-22,43.5,43.5,43.05,43.2,1396300.0
2022-08-23,42.75,42.9,42.05,42.2,1363600.0
2022-08-24,42.0,43.6,42.0,43.0,1555100.0
2022-08-25,43.0,43.2,42.65,42.7,1591000.0
2022-08-26,42.7,42.8,42.5,42.55,413100.0
2022-08-30,42.05,42.9,42.05,42.2,1525400.0
2022-08-31,42.2,42.55,41.1,41.1,1499700.0
2022-09-01,41.25,41.95,39.9,41.95,3408800.0
2022-09-02,41.95,42.5,41.45,42.05,1800900.0
2022-09-05,42.05,42.95,41.0,41.4,2273100.0
2022-09-06,42.0,42.9,41.95,42.6,2740700.0
2022-09-07,42.65,43.2,41.65,41.75,1147700.0
2022-09-08,41.75,42.1,41.3,41.5,1607100.0
2022-09-09,41.2,42.0,41.2,42.0,860100.0
2022-09-12,42.0,42.15,41.2,41.2,1204000.0
2022-09-13,41.2,41.45,40.5,41.0,3312900.0
2022-09-14,40.1,41.0,40.1,40.9,2145700.0
2022-09-15,40.65,41.6,40.6,41.05,1594000.0
2022-09-16,41.0,41.6,41.0,41.05,2949400.0
2022-09-19,41.05,41.2,40.35,40.95,1829700.0
2022-09-20,40.85,41.4,40.45,40.45,2645500.0
2022-09-21,40.6,41.35,40.6,41.2,2730300.0
2022-09-22,41.45,41.45,40.95,41.05,2617400.0
2022-09-23,41.05,42.0,40.9,41.0,3380600.0
2022-09-27,40.9,40.9,40.1,40.5,3552700.0
2022-09-28,40.45,40.45,38.0,38.6,7145300.0
2022-09-29,39.0,39.7,39.0,39.3,1846700.0
2022-09-30,39.0,39.25,38.4,39.0,3206200.0
2022-10-03,38.95,39.0,38.55,38.75,1155100.0
2022-10-04,39.25,40.2,39.25,40.0,1691100.0
2022-10-05,40.1,42.25,40.0,40.0,2712900.0
2022-10-06,39.55,40.45,39.55,40.25,1682100.0
2022-10-07,40.25,40.4,39.3,40.4,2300100.0
2022-10-10,40.3,40.3,39.8,40.25,2753700.0
2022-10-11,40.2,40.2,39.9,40.0,3088200.0
2022-10-12,40.1,40.15,39.3,39.3,3125000.0
2022-10-13,39.5,39.95,39.2,39.3,2269200.0
2022-10-14,40.25,40.9,39.75,40.5,3337600.0
2022-10-17,40.8,42.3,40.7,41.5,6619900.0
2022-10-18,42.5,42.5,41.5,41.55,6381700.0
2022-10-19,41.6,42.0,41.6,41.85,2481300.0
2022-10-20,41.95,42.0,40.3,40.85,9127600.0
2022-10-21,41.3,41.4,40.9,41.1,1989900.0
2022-10-24,41.2,41.9,41.2,41.45,4038300.0
2022-10-25,41.7,41.75,41.0,41.3,3233500.0
2022-10-26,38.7,38.7,37.0,37.1,6614700.0
2022-10-27,37.15,37.65,37.0,37.15,1597900.0
2022-10-28,37.15,37.15,34.85,34.95,8714600.0
2022-11-02,35.0,35.8,33.7,33.8,8629600.0
2022-11-03,33.75,35.3,33.15,35.25,6859300.0
2022-11-04,35.3,35.95,34.15,34.15,3935700.0
2022-11-07,34.15,35.0,33.05,33.05,4622100.0
2022-11-08,33.05,33.95,31.5,31.5,8161100.0
2022-11-09,31.6,31.65,29.5,29.5,17403600.0
2022-11-10,29.0,30.2,28.85,29.75,9751100.0
2022-11-11,30.55,31.3,30.25,30.7,6435700.0
2022-11-14,31.0,31.6,30.05,30.05,5804300.0
2022-11-15,29.6,30.65,29.6,29.95,5243900.0
2022-11-16,30.2,31.6,30.15,30.2,5746600.0
2022-11-17,30.1,31.0,30.1,30.55,4065200.0
2022-11-18,30.95,31.5,30.15,30.55,4305500.0
2022-11-21,30.95,32.2,30.5,32.0,6310600.0
2022-11-22,32.1,32.6,31.3,31.35,4690800.0
2022-11-23,31.55,32.0,30.9,31.1,4248600.0
2022-11-24,31.1,31.8,30.85,31.35,3774300.0
2022-11-25,31.3,31.45,30.65,30.65,3922800.0
2022-11-28,30.95,33.65,30.95,33.6,7342200.0
2022-11-29,33.9,34.2,33.05,33.65,3358700.0
2022-12-01,33.8,34.8,33.8,34.3,4687000.0
2022-12-02,34.3,34.5,32.8,32.85,2824900.0
2022-12-05,33.0,33.4,32.2,32.2,2431500.0
2022-12-06,32.2,33.85,32.15,33.5,2047700.0
2022-12-07,33.8,34.1,33.25,33.6,2033600.0
2022-12-09,33.7,33.9,33.0,33.2,1726300.0
2022-12-12,33.7,33.7,33.15,33.2,1047800.0
2022-12-13,33.4,33.85,33.2,33.35,1032500.0
2022-12-14,33.7,33.9,33.2,33.55,2347400.0
2022-12-15,33.65,33.85,32.6,33.45,2121900.0
2022-12-16,33.2,33.4,32.5,33.4,2375700.0
2022-12-19,33.2,33.4,32.5,32.95,1204800.0
2022-12-20,33.0,33.65,32.5,33.5,1481300.0
2022-12-21,33.5,35.0,33.5,34.9,2902400.0
2022-12-22,34.95,35.2,34.6,35.15,2588200.0
2022-12-23,35.15,35.15,34.5,35.0,1162500.0
2022-12-27,35.0,35.05,34.25,34.4,849300.0
2022-12-28,34.5,34.85,34.5,34.75,1500700.0
2023-01-03,34.5,35.05,34.25,34.85,685600.0
2023-01-04,35.0,36.0,34.9,36.0,2571800.0
2023-01-05,35.9,36.45,35.8,36.0,1598500.0
2023-01-06,35.95,35.95,35.6,35.6,1079900.0
2023-01-09,35.75,35.9,35.55,35.9,1313900.0
2023-01-10,35.95,36.0,35.45,35.9,1615800.0
2023-01-11,36.0,36.0,35.45,35.6,1587200.0
2023-01-12,35.5,35.5,34.65,34.9,3682500.0
2023-01-13,35.0,35.0,34.65,34.85,3230600.0
2023-01-16,34.9,35.65,33.6,33.6,5124000.0
2023-01-17,34.0,34.4,33.55,33.8,2066200.0
2023-01-18,33.95,34.75,33.8,34.5,1797500.0
2023-01-19,34.4,35.3,34.3,34.9,1557000.0
2023-01-20,35.1,35.3,34.65,34.95,1613800.0
2023-01-23,34.95,35.0,34.45,34.75,889000.0
2023-01-24,34.7,34.7,33.5,33.5,5300900.0
2023-01-25,33.5,33.95,33.5,33.5,1503500.0
2023-01-26,33.5,33.95,33.35,33.85,1821200.0
2023-01-27,33.85,34.65,33.7,34.6,1238800.0
2023-01-30,34.5,34.5,33.0,33.0,3584000.0
2023-01-31,32.5,32.5,30.2,32.0,11606200.0
2023-02-01,31.5,31.5,31.05,31.2,3089100.0
2023-02-02,31.4,32.2,31.4,31.8,2249400.0
2023-02-03,31.95,31.95,30.8,30.8,3193200.0
2023-02-06,31.0,31.0,30.25,30.25,6395400.0
2023-02-07,30.5,30.6,30.2,30.25,6342600.0
2023-02-08,30.6,31.75,30.5,31.75,3330600.0
2023-02-09,31.5,31.6,30.9,31.3,2319200.0
2023-02-10,31.1,31.6,30.65,31.6,1679100.0
2023-02-13,31.1,31.8,31.1,31.75,1859100.0
2023-02-14,31.75,31.75,30.9,31.1,1979600.0
2023-02-15,31.1,31.4,30.95,31.0,963400.0
2023-02-16,31.35,31.35,30.85,30.85,1014600.0
2023-02-17,30.8,31.35,30.6,31.0,1250300.0
2023-02-20,31.2,31.25,30.5,30.65,696300.0
2023-02-21,30.95,30.95,30.5,30.7,430200.0
2023-02-22,30.65,30.65,30.3,30.3,1061500.0
2023-02-23,30.3,30.5,30.2,30.35,544800.0
2023-02-27,30.3,30.35,29.5,29.95,2394400.0
2023-02-28,30.05,30.4,30.0,30.0,2279000.0
2023-03-01,30.05,30.3,30.0,30.05,1058000.0
2023-03-02,30.25,30.8,30.1,30.5,1364700.0
2023-03-03,30.65,30.65,30.3,30.3,1352700.0
2023-03-06,30.05,30.8,30.05,30.55,601600.0
2023-03-07,30.6,31.15,30.6,30.8,965500.0
2023-03-08,31.05,31.2,29.85,29.9,3008700.0
2023-03-09,29.5,29.85,28.5,28.5,6691100.0
2023-03-10,28.45,29.35,28.05,29.3,1531900.0
2023-03-13,29.05,29.7,28.65,29.65,1072600.0
2023-03-14,29.65,29.95,29.45,29.7,1412300.0
2023-03-15,29.8,30.1,29.65,30.0,1534300.0
2023-03-16,30.0,30.0,29.15,29.9,1604000.0
2023-03-17,30.0,30.75,30.0,30.75,2713300.0
2023-03-20,30.7,30.7,30.3,30.45,998500.0
2023-03-21,30.65,30.7,30.2,30.2,1407900.0
2023-03-22,30.6,30.75,30.3,30.3,1019600.0
2023-03-23,30.3,30.45,30.1,30.2,604700.0
2023-03-24,30.2,30.6,30.05,30.25,974500.0
2023-03-27,30.5,31.0,30.4,30.95,2188000.0
2023-03-28,32.5,33.3,32.25,32.85,6812400.0
2023-03-29,32.95,33.2,32.9,33.05,2945100.0
2023-03-30,33.15,33.25,33.05,33.05,3422200.0
2023-03-31,33.1,33.15,32.3,32.35,3320900.0
2023-04-03,32.7,32.85,32.5,32.6,2114700.0
2023-04-04,32.6,32.95,32.45,32.55,3487800.0
2023-04-05,29.0,29.4,28.75,29.3,4251600.0
2023-04-11,29.35,30.0,28.55,29.0,2221600.0
2023-04-12,29.1,29.3,29.0,29.3,670000.0
2023-04-13,29.35,29.35,28.6,28.6,3542000.0
2023-04-14,28.65,29.1,28.5,28.6,1411800.0
2023-04-17,28.65,28.9,28.5,28.5,1178100.0
2023-04-18,28.55,28.6,28.1,28.2,2622900.0
2023-04-19,28.2,28.3,27.85,28.0,1838600.0
2023-04-20,28.0,28.0,27.65,28.0,2210400.0
2023-04-24,28.0,28.0,27.6,27.7,1309300.0
2023-04-25,27.75,27.75,27.3,27.3,1776100.0
2023-04-26,27.4,27.7,27.3,27.4,1951300.0
2023-04-27,27.4,27.5,27.35,27.4,1090200.0
2023-04-28,27.5,27.75,27.0,27.0,1611600.0
2023-05-02,27.0,27.65,27.0,27.6,505900.0
2023-05-03,27.7,28.35,27.6,28.0,1357000.0
2023-05-04,28.3,28.4,28.0,28.3,1070400.0
2023-05-05,28.3,28.5,28.3,28.4,899200.0
2023-05-08,28.45,28.45,27.95,28.0,1376800.0
2023-05-09,28.05,28.1,27.6,28.0,1333800.0
2023-05-10,28.0,28.1,27.75,27.95,1057400.0
2023-05-11,28.0,28.0,27.75,27.75,1006000.0
2023-05-12,27.9,28.1,27.75,27.95,1987000.0
2023-05-15,28.0,28.3,27.95,28.1,1087300.0
2023-05-16,28.1,28.1,27.9,27.95,1132800.0
2023-05-17,28.1,28.4,28.0,28.3,821800.0
2023-05-18,28.4,29.15,28.4,28.75,2088200.0
2023-05-19,29.0,29.2,28.75,29.0,887200.0
2023-05-22,29.0,29.1,28.85,29.05,827100.0
2023-05-23,29.1,29.2,28.9,28.95,1132300.0
2023-05-24,29.0,29.0,28.6,28.6,1327900.0
2023-05-25,28.75,28.8,28.5,28.5,767300.0
2023-05-26,28.6,28.7,28.1,28.2,1621000.0
2023-05-29,28.25,29.1,28.25,29.05,860300.0
2023-05-30,28.55,29.05,28.3,28.3,1623500.0
2023-05-31,28.5,28.55,28.0,28.0,3335100.0
2023-06-01,28.4,28.55,28.0,28.2,848000.0
2023-06-02,28.2,28.2,27.9,28.1,892200.0
2023-06-05,28.2,28.4,28.1,28.2,448800.0
2023-06-06,28.35,28.35,27.95,28.2,986200.0
2023-06-07,28.2,28.2,28.0,28.2,600000.0
2023-06-08,28.2,28.25,28.0,28.25,672700.0
2023-06-09,28.25,28.25,28.1,28.25,374100.0
2023-06-13,28.25,28.25,28.1,28.25,489800.0
2023-06-14,28.25,28.4,28.1,28.2,536100.0
2023-06-15,28.2,28.3,28.1,28.2,484400.0
2023-06-16,28.3,28.3,27.6,27.6,1205800.0
2023-06-19,27.75,28.15,27.75,28.1,495000.0
2023-06-20,28.25,28.9,28.05,28.85,2155300.0
2023-06-21,28.85,28.85,28.0,28.0,601800.0
2023-06-22,28.1,28.15,27.9,28.0,946100.0
2023-06-23,28.1,28.1,27.95,28.0,332900.0
2023-06-26,28.0,28.25,27.95,28.0,447800.0
2023-06-27,28.2,28.2,27.95,28.0,458100.0
2023-06-29,28.05,28.2,28.05,28.1,630800.0
2023-06-30,28.15,28.2,28.0,28.0,796700.0
2023-07-03,28.2,28.4,28.1,28.4,448500.0
2023-07-04,28.4,28.55,28.25,28.35,338100.0
2023-07-05,28.5,28.5,28.15,28.2,210000.0
2023-07-06,28.3,28.5,28.05,28.05,317700.0
2023-07-07,28.15,28.4,27.85,27.9,1382000.0
2023-07-10,28.1,28.1,27.8,27.8,727600.0
2023-07-11,28.0,28.0,27.7,27.8,848500.0
2023-07-12,27.85,28.0,27.7,27.7,813900.0
2023-07-13,27.7,28.0,27.7,27.8,551300.0
2023-07-14,28.0,28.0,27.85,27.85,335700.0
2023-07-17,27.85,28.05,27.85,27.9,427000.0
2023-07-18,27.95,28.1,27.9,27.95,166300.0
2023-07-19,28.0,28.05,27.9,27.9,510000.0
2023-07-20,27.95,28.35,27.95,28.0,915200.0
2023-07-21,28.5,29.0,28.3,29.0,1932300.0
2023-07-24,29.0,29.75,28.95,29.6,2186400.0
2023-07-25,29.6,30.7,29.5,29.85,1714200.0
2023-07-26,29.9,29.9,29.35,29.5,2479000.0
2023-07-27,29.45,29.9,29.4,29.45,768200.0
2023-07-28,29.4,29.85,29.35,29.7,993000.0
2023-07-31,29.8,30.35,28.85,28.85,2801600.0
2023-08-01,29.3,29.6,29.0,29.55,787000.0
2023-08-02,29.8,29.95,29.35,29.5,766600.0
2023-08-03,29.55,29.9,29.5,29.65,646000.0
2023-08-04,29.7,30.35,29.2,29.2,1166200.0
2023-08-07,29.35,29.9,29.35,29.75,1616300.0
2023-08-08,30.0,30.05,29.6,30.0,1043000.0
2023-08-09,30.0,30.0,29.4,29.9,1660300.0
2023-08-10,29.9,29.9,29.7,29.9,649300.0
2023-08-11,29.9,30.0,29.7,30.0,2164800.0
2023-08-14,30.05,31.15,30.05,31.0,8338900.0
2023-08-15,30.9,31.4,30.5,30.5,4826500.0
2023-08-16,30.5,32.0,30.5,32.0,3423800.0
2023-08-17,32.0,32.25,31.8,32.0,2731200.0
2023-08-18,32.0,32.2,31.75,32.0,1563800.0
2023-08-22,31.9,31.9,31.4,31.45,1088800.0
2023-08-23,31.45,31.8,31.45,31.7,2387900.0
2023-08-24,31.75,32.0,31.7,31.85,817000.0
2023-08-25,31.85,31.95,31.75,31.8,1161900.0
2023-08-29,31.95,32.45,31.95,32.3,1204800.0
2023-08-30,32.3,32.75,32.3,32.5,1688000.0
2023-08-31,32.7,32.7,31.95,32.0,2022300.0
2023-09-01,32.0,32.3,30.95,31.1,1774700.0
2023-09-04,31.1,31.6,31.1,31.45,1317200.0
2023-09-05,31.55,32.35,31.55,32.35,1029000.0
2023-09-06,32.35,32.35,32.1,32.25,1203400.0
2023-09-07,32.2,32.25,32.1,32.2,547200.0
2023-09-08,32.2,32.2,31.9,32.0,527400.0
2023-09-11,32.0,33.75,31.95,33.65,5610800.0
2023-09-12,33.75,34.6,33.75,34.1,5342700.0
2023-09-13,34.1,34.55,34.1,34.45,2585400.0
2023-09-14,34.45,34.5,34.25,34.4,2273700.0
2023-09-15,34.4,35.1,34.4,34.5,6685100.0
2023-09-18,34.55,35.1,34.55,35.0,3667600.0
2023-09-19,34.9,34.95,34.25,34.8,2949100.0
2023-09-20,34.8,35.5,34.75,35.25,3177600.0
2023-09-21,35.1,35.55,35.0,35.0,1788200.0
2023-09-22,35.0,35.1,34.8,35.05,612900.0
2023-09-25,35.05,35.4,34.85,35.0,1251000.0
2023-09-26,35.0,35.35,34.8,35.0,1635200.0
2023-09-27,35.0,35.45,34.8,35.4,1985500.0
2023-09-28,35.3,35.7,35.1,35.45,1881500.0
2023-09-29,35.3,35.45,34.9,34.9,1322300.0
2023-10-02,35.0,35.65,35.0,35.6,1701200.0
2023-10-03,35.5,35.65,35.35,35.65,700600.0
2023-10-04,35.6,35.6,34.0,34.45,3800800.0
2023-10-05,34.4,35.0,33.5,33.5,3013400.0
2023-10-06,33.5,35.0,33.5,35.0,2488600.0
2023-10-09,35.05,35.45,35.05,35.25,2317200.0
2023-10-10,36.0,37.05,36.0,36.65,7531700.0
2023-10-11,36.85,36.95,36.0,36.0,4918700.0
2023-10-12,36.05,36.3,35.4,35.95,3413000.0
2023-10-13,36.05,36.15,35.85,36.0,2139300.0
2023-10-16,36.1,36.15,35.5,35.8,3000000.0
2023-10-17,35.8,35.8,35.1,35.1,3549800.0
2023-10-18,35.15,35.35,35.05,35.15,5588900.0
2023-10-19,35.15,35.2,34.95,35.1,5301100.0
2023-10-20,30.15,31.5,30.15,31.1,4794400.0
2023-10-23,31.1,31.25,30.55,30.85,1493300.0
2023-10-24,30.5,30.85,30.4,30.55,1123600.0
2023-10-25,30.55,30.8,30.15,30.4,1164300.0
2023-10-26,30.3,30.6,30.0,30.15,1261900.0
2023-10-27,30.2,30.2,30.0,30.05,333500.0
2023-10-31,30.05,30.1,29.0,29.0,1979200.0
2023-11-03,29.0,29.25,28.85,29.0,1158300.0
2023-11-06,29.25,29.95,29.05,29.7,617700.0
2023-11-07,29.95,30.15,29.8,29.95,2015000.0
2023-11-08,30.1,30.1,29.65,29.65,804100.0
2023-11-09,30.0,30.0,29.15,29.3,2157400.0
2023-11-10,29.3,29.7,29.3,29.5,1540100.0
2023-11-13,29.6,29.7,29.0,29.05,1490900.0
2023-11-14,29.25,29.45,28.65,28.8,2159100.0
2023-11-15,28.85,29.3,28.2,28.4,2309100.0
2023-11-16,28.8,29.0,28.15,28.2,1714500.0
2023-11-17,28.4,28.95,28.0,28.2,1228000.0
2023-11-20,28.25,28.6,28.0,28.0,1398100.0
2023-11-21,28.3,28.3,27.9,27.9,2503500.0
2023-11-22,28.0,28.8,28.0,28.6,578800.0
2023-11-23,28.95,29.05,28.8,28.9,712900.0
2023-11-24,29.0,29.15,28.9,29.0,1265300.0
2023-11-28,29.15,29.3,28.95,28.95,1225300.0
2023-11-29,29.25,29.25,28.95,29.0,471100.0
2023-11-30,29.1,29.35,28.7,28.95,1285200.0
2023-12-01,28.6,29.2,28.55,28.55,726900.0
2023-12-04,28.6,29.25,28.6,29.0,565500.0
2023-12-05,29.15,29.4,29.05,29.2,631500.0
2023-12-06,29.45,29.45,28.7,29.0,1126800.0
2023-12-07,29.25,29.25,28.25,28.7,1977600.0
2023-12-11,28.8,29.05,28.7,28.8,593600.0
2023-12-12,29.0,29.0,28.6,28.6,778400.0
2023-12-13,28.8,28.95,28.65,28.75,1146900.0
2023-12-14,28.75,28.95,28.35,28.5,2270800.0
2023-12-15,28.45,28.85,28.25,28.5,2225900.0
2023-12-18,28.4,28.6,28.2,28.2,1847900.0
2023-12-19,28.2,28.25,28.1,28.15,799000.0
2023-12-20,28.2,28.6,28.2,28.35,1985700.0
2023-12-21,28.7,28.7,28.35,28.4,501600.0
2023-12-22,28.5,28.5,28.15,28.35,1135800.0
2023-12-27,28.6,29.5,28.1,29.5,4738700.0
2023-12-28,29.5,29.95,28.9,29.9,2763600.0
2023-12-29,29.9,30.4,29.85,30.25,1621000.0
2024-01-02,30.3,30.55,30.05,30.4,2037900.0
2024-01-03,30.5,30.75,30.3,30.3,1325500.0
2024-01-04,30.3,30.3,29.9,29.9,1420800.0
2024-01-05,29.95,31.5,29.95,31.25,3776400.0
2024-01-08,31.5,31.9,31.45,31.7,1823000.0
2024-01-09,31.95,31.95,31.6,31.6,1093700.0
2024-01-10,31.55,31.6,30.65,30.65,3194600.0
2024-01-11,31.45,31.45,31.0,31.0,896100.0
2024-01-12,31.3,31.5,31.15,31.15,619700.0
2024-01-15,31.5,32.25,31.25,31.95,1199200.0
2024-01-16,32.2,32.2,31.95,32.0,610400.0
2024-01-17,32.05,32.15,31.3,31.65,1038300.0
2024-01-18,31.65,31.85,31.05,31.25,1536500.0
2024-01-19,31.3,31.5,31.2,31.25,624000.0
2024-01-22,31.25,31.75,31.25,31.5,1003700.0
2024-01-23,31.7,31.95,31.6,31.8,461800.0
2024-01-24,32.0,32.05,31.8,32.0,927300.0
2024-01-25,32.0,32.15,31.85,32.0,890900.0
2024-01-26,32.1,32.2,31.85,31.85,507900.0
2024-01-29,32.0,32.1,31.85,31.85,406300.0
2024-01-30,31.8,32.25,31.7,31.8,1416100.0
2024-01-31,31.85,31.9,31.0,31.0,1447800.0
2024-02-01,31.3,31.4,31.0,31.0,575900.0
2024-02-02,31.3,31.3,31.0,31.2,886100.0
2024-02-05,31.25,31.5,31.05,31.3,749600.0
2024-02-06,31.3,32.1,31.3,32.0,2414700.0
2024-02-07,32.05,32.9,32.05,32.35,1590400.0
2024-02-08,32.75,32.8,32.5,32.7,1448000.0
2024-02-12,32.7,32.95,32.5,32.5,1497400.0
2024-02-13,32.7,32.8,32.55,32.6,518800.0
2024-02-14,32.6,32.65,32.4,32.55,676000.0
2024-02-15,32.55,32.9,32.55,32.7,880000.0
2024-02-16,32.7,33.0,32.5,32.5,1484900.0
2024-02-19,32.6,32.75,31.8,31.9,1608200.0
2024-02-20,31.9,32.4,31.65,31.65,656300.0
2024-02-21,31.65,32.1,31.65,31.85,643900.0
2024-02-22,32.0,32.3,31.95,31.95,402800.0
2024-02-23,32.1,32.6,31.95,32.55,637000.0
2024-02-26,32.6,32.6,32.1,32.3,1259000.0
2024-02-27,32.5,32.8,32.5,32.65,1145200.0
2024-02-28,32.65,32.85,32.6,32.75,1246300.0
2024-02-29,32.7,32.75,32.3,32.3,2236300.0
2024-03-01,32.35,33.05,32.35,33.0,1606600.0
2024-03-04,33.05,34.5,33.0,34.5,3710300.0
2024-03-05,34.4,34.5,34.25,34.5,1523100.0
2024-03-06,34.4,34.4,33.55,33.55,2424300.0
2024-03-07,33.8,33.9,33.5,33.7,1262700.0
2024-03-08,33.7,34.2,33.6,34.0,1074900.0
2024-03-11,34.15,34.35,34.0,34.2,1033300.0
2024-03-12,34.2,34.55,34.1,34.4,1527700.0
2024-03-13,34.4,34.65,34.4,34.5,1195000.0
2024-03-14,34.5,34.55,33.9,34.05,997900.0
2024-03-15,34.05,34.2,33.65,33.65,2425300.0
2024-03-18,33.75,34.1,33.75,34.0,508300.0
2024-03-19,34.05,34.3,33.9,34.0,2002600.0
2024-03-20,34.05,34.4,34.0,34.2,1620400.0
2024-03-21,34.25,34.7,34.2,34.7,2334400.0
2024-03-22,34.7,35.5,34.35,34.95,6946100.0
2024-03-25,35.1,35.6,35.1,35.5,4574300.0
2024-03-26,35.5,35.5,34.9,35.0,4819700.0
2024-03-27,35.0,35.2,34.9,34.9,3140900.0
2024-04-01,34.95,34.95,33.4,33.5,7716600.0
2024-04-02,33.9,33.95,33.05,33.1,4914400.0
2024-04-03,33.45,33.65,32.8,33.4,4298300.0
2024-04-04,33.4,33.8,33.25,33.6,4092100.0
2024-04-05,33.7,34.1,33.55,33.65,4646600.0
2024-04-08,29.8,30.1,29.7,29.95,7123400.0
2024-04-11,30.0,30.0,29.8,29.9,1963800.0
2024-04-12,29.9,29.9,29.3,29.3,2846800.0
2024-04-15,29.25,29.75,29.05,29.4,1660400.0
2024-04-16,29.6,29.7,28.75,28.75,4276800.0
2024-04-17,29.0,29.9,28.9,29.9,1892100.0
2024-04-18,29.9,31.2,29.75,31.0,2797900.0
2024-04-19,31.0,31.0,29.85,30.0,1553800.0
2024-04-22,30.0,31.0,30.0,30.9,1252700.0
2024-04-23,31.0,31.35,30.95,31.2,1297300.0
2024-04-24,31.4,32.25,31.35,32.15,2903400.0
2024-04-25,32.2,32.25,31.6,32.25,1219900.0
2024-04-26,32.0,32.5,32.0,32.5,714500.0
2024-04-29,32.5,33.0,32.3,32.8,1532500.0
2024-04-30,32.8,32.95,32.6,32.95,1078200.0
2024-05-02,32.95,33.05,32.4,32.5,856200.0
2024-05-03,33.0,33.0,32.6,32.75,612000.0
2024-05-06,32.6,32.7,32.0,32.1,1695900.0
2024-05-07,32.05,32.05,31.0,31.5,1610800.0
2024-05-08,31.5,32.1,31.5,32.1,1245400.0
2024-05-09,32.1,32.15,31.85,32.0,954200.0
2024-05-10,32.0,32.05,31.5,31.55,1164400.0
2024-05-13,32.0,32.0,31.55,31.6,588200.0
2024-05-14,31.6,31.8,31.55,31.55,712500.0
2024-05-15,31.55,32.0,31.5,31.9,522700.0
2024-05-16,31.9,32.25,31.9,32.25,1223800.0
2024-05-17,32.25,32.4,32.0,32.2,403000.0
2024-05-20,32.2,32.4,31.9,32.2,689400.0
2024-05-21,32.1,32.25,32.0,32.05,410600.0
2024-05-22,32.15,33.0,32.0,33.0,843600.0
2024-05-23,32.95,33.8,32.75,33.8,4186800.0
2024-05-24,33.5,33.5,33.05,33.05,400300.0
2024-05-27,33.05,33.3,32.8,33.2,489500.0
2024-05-28,33.1,33.1,32.55,32.9,479900.0
2024-05-30,32.9,33.0,32.65,33.0,469700.0
2024-05-31,32.9,34.0,32.9,33.9,4105800.0
2024-06-03,33.8,33.8,33.2,33.2,522200.0
2024-06-04,33.15,33.25,32.8,32.95,584100.0
2024-06-05,32.95,33.0,32.8,32.85,527900.0
2024-06-06,32.85,33.0,32.7,32.7,509500.0
2024-06-07,32.75,32.95,32.0,32.0,4104500.0
2024-06-10,32.0,32.2,31.65,32.0,995700.0
2024-06-11,32.0,32.15,31.75,31.75,580300.0
2024-06-13,31.85,32.0,31.65,31.65,699900.0
2024-06-14,31.65,32.0,31.65,31.8,330200.0
2024-06-18,31.8,32.35,31.8,32.05,758200.0
2024-06-19,32.05,32.4,31.95,32.25,29210900.0
2024-06-20,32.3,32.7,32.3,32.4,734300.0
2024-06-21,32.7,32.75,32.15,32.75,1439700.0
2024-06-24,32.75,32.75,32.4,32.7,699100.0
2024-06-25,32.7,32.7,32.4,32.4,379500.0
2024-06-26,32.65,32.65,32.45,32.55,408600.0
2024-06-27,32.55,33.3,32.55,33.25,1045900.0
2024-06-28,33.4,33.7,33.25,33.7,4673200.0
2024-07-01,33.55,33.65,32.85,32.95,501600.0
2024-07-02,33.0,33.1,32.7,32.7,684000.0
2024-07-03,32.7,33.4,32.7,33.4,620700.0
2024-07-04,33.45,33.45,33.0,33.35,402200.0
2024-07-05,33.4,33.6,33.35,33.4,752000.0
2024-07-08,33.45,33.6,33.3,33.35,448700.0
2024-07-09,33.35,33.8,33.2,33.2,1194400.0
2024-07-10,33.2,33.65,33.2,33.2,1014900.0
2024-07-11,33.2,33.65,33.2,33.6,917600.0
2024-07-12,33.6,33.8,33.45,33.45,1027200.0
2024-07-15,33.45,33.75,33.45,33.5,408400.0
2024-07-16,33.5,33.75,33.45,33.45,910200.0
2024-07-17,33.45,33.55,33.4,33.45,913200.0
2024-07-18,33.5,33.7,33.4,33.45,2521700.0
2024-07-19,33.45,33.8,33.45,33.6,548100.0
2024-07-22,33.6,34.05,33.5,33.5,3730800.0
2024-07-23,33.5,33.65,33.2,33.2,1762000.0
2024-07-25,33.2,33.4,33.0,33.1,640100.0
2024-07-26,33.1,33.75,33.05,33.5,470100.0
2024-07-29,33.5,33.7,33.25,33.25,568000.0
2024-07-30,33.25,33.55,33.2,33.4,628000.0
2024-07-31,33.4,33.5,33.35,33.45,778100.0
2024-08-01,33.45,33.8,33.45,33.7,699600.0
2024-08-02,33.2,33.4,33.1,33.2,1262000.0
2024-08-05,32.75,32.75,31.8,32.0,2767100.0
2024-08-06,31.85,32.3,31.85,31.95,1060500.0
2024-08-07,31.95,32.0,31.9,31.9,2771200.0
2024-08-08,31.9,32.2,31.9,31.9,961100.0
2024-08-09,32.0,32.15,31.75,32.0,1812000.0
2024-08-12,32.0,32.2,31.75,31.75,1605600.0
2024-08-13,31.75,32.05,31.75,31.9,1065400.0
2024-08-14,31.95,32.05,31.75,31.8,1678000.0
2024-08-15,31.9,32.15,31.85,32.1,777200.0
2024-08-16,32.1,32.55,32.1,32.15,1300000.0
2024-08-19,32.35,33.3,32.2,33.0,1611700.0
2024-08-20,33.0,33.5,32.5,32.5,1694600.0
2024-08-21,32.6,32.9,32.55,32.55,614000.0
2024-08-22,32.7,33.25,32.6,32.7,573000.0
2024-08-27,32.7,33.05,32.65,32.75,737200.0
2024-08-28,32.95,33.4,32.9,33.25,1215800.0
2024-08-29,33.25,33.4,33.1,33.35,736200.0
2024-08-30,33.5,33.95,33.5,33.9,2404700.0
2024-09-02,33.9,34.0,33.8,33.95,477100.0
2024-09-03,33.95,34.1,33.8,33.85,776300.0
2024-09-04,33.8,33.8,33.5,33.5,1059900.0
2024-09-05,33.5,33.85,33.5,33.85,830200.0
2024-09-06,33.8,33.8,33.55,33.55,1434400.0
2024-09-09,33.55,33.8,33.5,33.5,637700.0
2024-09-10,33.8,33.8,33.65,33.75,820900.0
2024-09-11,33.7,33.75,33.0,33.0,1128800.0
2024-09-12,33.1,33.5,33.1,33.45,475100.0
2024-09-13,33.5,33.7,33.4,33.4,220300.0
2024-09-16,33.55,33.75,33.5,33.5,434600.0
2024-09-17,33.75,34.0,33.65,33.95,677500.0
2024-09-18,33.95,34.4,33.9,34.15,1593900.0
2024-09-19,34.15,34.45,33.6,33.6,1678600.0
2024-09-20,33.7,34.0,33.6,33.65,1599000.0
2024-09-23,33.8,34.15,33.8,33.8,742100.0
2024-09-24,34.0,34.5,33.85,33.85,1349700.0
2024-09-25,33.95,34.05,33.85,33.85,661000.0
2024-09-26,33.85,33.95,32.85,33.35,3745500.0
2024-09-27,33.3,33.4,32.95,32.95,2303900.0
2024-09-30,33.2,33.3,32.5,32.5,3390100.0
2024-10-01,32.5,33.85,32.5,33.8,1227100.0
2024-10-02,33.45,33.8,33.45,33.5,282200.0
2024-10-03,33.8,33.8,33.45,33.65,445100.0
2024-10-04,33.65,34.1,33.6,33.75,1040400.0
2024-10-07,33.7,34.5,33.7,34.4,2368500.0
2024-10-08,34.4,34.45,34.25,34.35,735700.0
2024-10-09,34.35,34.45,34.0,34.05,496500.0
2024-10-10,34.2,34.35,33.9,34.0,956600.0
2024-10-11,34.0,34.2,33.9,34.0,1035600.0
2024-10-14,34.05,34.35,34.0,34.25,1619700.0
2024-10-15,34.3,34.8,34.0,34.0,5227800.0
2024-10-16,34.45,34.65,34.0,34.0,6956800.0
2024-10-17,34.35,34.8,34.2,34.2,4462700.0
2024-10-18,34.45,34.5,34.3,34.4,2358300.0
2024-10-21,34.5,34.6,34.1,34.1,2617600.0
2024-10-22,34.4,34.4,33.95,34.0,2545700.0
2024-10-23,34.2,34.4,34.0,34.25,1979900.0
2024-10-24,34.25,34.25,33.6,33.75,4426400.0
2024-10-25,33.95,34.2,33.65,33.65,4741100.0
2024-10-28,31.2,32.35,31.05,32.15,4148700.0
2024-10-29,32.2,32.45,31.55,31.95,2808800.0
2024-10-30,31.85,31.85,31.45,31.85,1247100.0
2024-10-31,32.0,32.5,31.85,32.5,1651300.0
2024-11-04,32.55,32.75,32.4,32.4,1073300.0
2024-11-05,32.5,32.9,32.5,32.9,1031600.0
2024-11-06,32.95,32.95,32.15,32.2,845700.0
2024-11-07,32.25,32.45,31.85,31.95,1656300.0
2024-11-08,32.25,32.25,31.8,31.9,1624900.0
2024-11-11,32.0,32.0,31.65,31.85,1789400.0
2024-11-12,31.85,31.85,31.35,31.75,1757100.0
2024-11-13,31.75,31.75,31.45,31.6,1267400.0
2024-11-14,31.65,31.75,31.2,31.2,1980400.0
2024-11-15,31.25,31.95,31.25,31.7,2031100.0
2024-11-18,31.8,32.0,31.7,31.75,1373500.0
2024-11-19,31.9,32.1,31.8,32.0,1508000.0
2024-11-20,32.0,32.5,31.65,31.9,1355700.0
2024-11-21,31.95,32.0,31.7,31.75,4353900.0
2024-11-22,31.8,32.0,31.6,31.75,1502600.0
2024-11-25,31.75,32.0,31.75,31.85,2070800.0
2024-11-26,32.0,32.15,31.9,32.0,1682100.0
2024-11-27,32.05,32.1,31.8,32.0,1268300.0
2024-11-28,32.0,32.0,31.75,32.0,785500.0
2024-11-29,32.0,32.1,31.75,32.1,1396900.0
2024-12-02,32.1,32.3,31.85,31.95,1155400.0
2024-12-03,32.25,32.4,31.95,32.3,1670500.0
2024-12-04,32.3,33.0,32.3,32.9,2052000.0
2024-12-05,32.9,33.4,32.9,33.4,3576300.0
2024-12-06,33.4,33.4,33.0,33.4,1284100.0
2024-12-09,33.45,34.25,33.2,34.25,4801500.0
2024-12-10,34.0,34.45,33.8,34.45,4179300.0
2024-12-11,34.25,34.4,33.65,34.25,2618800.0
2024-12-12,34.05,34.2,33.8,34.0,1465400.0
2024-12-13,34.0,34.1,33.8,34.1,1377500.0
2024-12-16,34.0,34.1,33.45,33.65,1314600.0
2024-12-17,33.7,33.75,33.1,33.45,1151700.0
2024-12-18,33.45,33.45,32.9,33.0,1086500.0
2024-12-19,33.0,33.1,32.5,32.85,1052400.0
2024-12-20,32.9,33.3,32.75,33.1,1309200.0
2024-12-23,33.35,33.5,32.85,33.0,753900.0
2024-12-26,33.5,34.45,33.25,34.4,2428500.0
2024-12-27,34.3,34.9,33.7,34.9,3040900.0
2025-01-02,34.8,34.85,33.95,34.6,1315700.0
2025-01-03,34.7,34.85,34.2,34.85,2107100.0
2025-01-06,34.15,34.7,33.9,34.55,1190100.0
2025-01-07,34.6,35.0,34.4,34.9,1566800.0
2025-01-08,34.95,34.95,34.45,34.85,850300.0
2025-01-09,34.85,34.85,34.65,34.8,742900.0
2025-01-10,34.85,34.85,34.7,34.75,589800.0
2025-01-13,34.75,35.05,34.5,35.0,2592700.0
2025-01-14,35.0,35.0,34.7,34.7,679000.0
2025-01-15,34.7,35.25,34.65,35.05,1725800.0
2025-01-16,35.2,35.6,35.1,35.4,3263000.0
2025-01-17,35.4,35.7,35.2,35.7,1468200.0
2025-01-20,35.7,36.1,35.6,36.05,3009100.0
2025-01-21,36.1,36.3,35.85,35.95,1461200.0
2025-01-22,36.0,36.2,36.0,36.15,1440200.0
2025-01-23,36.15,36.3,36.1,36.3,3345100.0
2025-01-24,36.3,36.5,36.2,36.4,1495500.0
2025-01-27,36.45,36.5,36.2,36.4,688300.0
2025-01-28,36.4,36.4,36.1,36.2,1114100.0
2025-01-30,36.2,36.2,35.5,36.0,1442700.0
2025-01-31,36.0,36.25,34.6,34.6,2751100.0
2025-02-03,35.0,35.9,35.0,35.45,1929400.0
2025-02-04,35.8,36.05,35.8,35.8,677400.0
2025-02-05,36.0,36.25,36.0,36.1,1070900.0
2025-02-06,36.1,36.2,35.6,35.85,1196700.0
2025-02-07,35.8,36.1,35.5,36.0,1126100.0
2025-02-10,36.1,36.2,35.9,36.0,845900.0
2025-02-11,35.9,36.25,35.7,36.0,1414200.0
2025-02-12,36.0,36.2,35.85,35.85,363200.0
2025-02-13,35.9,36.4,35.9,36.35,610600.0
2025-02-14,36.35,36.55,36.25,36.5,1542500.0
2025-02-17,36.5,36.9,36.3,36.9,1062500.0
2025-02-18,36.9,37.7,36.9,37.0,2782900.0
2025-02-19,37.0,38.1,37.0,37.75,2318100.0
2025-02-20,37.75,38.0,37.75,37.9,1328500.0
2025-02-21,37.9,37.95,37.75,37.9,930700.0
2025-02-24,37.9,37.95,37.7,37.9,1532200.0
2025-02-25,37.85,37.85,37.35,37.45,1071500.0
2025-02-26,37.8,37.9,37.45,37.8,629900.0
2025-02-27,37.85,37.9,37.6,37.9,1548100.0
2025-02-28,37.95,37.95,37.05,37.35,2509300.0
2025-03-03,37.8,37.8,37.25,37.4,3280400.0
2025-03-04,37.4,37.6,36.8,37.0,2467400.0
2025-03-05,37.0,37.4,36.8,37.05,1789700.0
2025-03-06,37.05,37.65,36.5,37.5,2689600.0
2025-03-07,37.55,37.8,37.4,37.7,1307100.0
2025-03-10,37.7,37.9,37.55,37.55,724900.0
2025-03-11,37.7,37.7,36.65,36.65,1747300.0
2025-03-12,36.65,37.0,36.55,36.55,1399500.0
2025-03-13,36.5,37.0,36.5,36.8,1481400.0
2025-03-14,36.8,37.0,36.7,36.85,615500.0
2025-03-17,36.95,37.8,36.95,37.6,1642000.0
2025-03-18,37.6,37.85,37.6,37.7,475400.0
2025-03-19,37.8,37.8,37.5,37.65,566400.0
2025-03-20,37.6,37.7,37.45,37.6,2187300.0
2025-03-21,37.6,38.6,37.45,38.6,3228800.0
2025-03-24,38.0,38.5,36.7,37.0,2049300.0
2025-03-25,36.95,36.95,35.05,35.3,5039200.0
2025-03-26,35.25,35.8,34.85,35.5,2917800.0
2025-03-27,35.95,36.4,35.6,36.2,2304100.0
2025-03-28,36.2,36.4,35.8,35.95,1417000.0
2025-03-31,36.0,36.2,35.25,35.25,3383700.0
2025-04-02,35.65,36.1,35.5,36.0,1566800.0
2025-04-03,36.0,36.2,35.9,36.2,1273800.0
2025-04-04,36.2,36.2,35.85,36.2,2285500.0
2025-04-07,34.0,34.15,33.0,33.9,2983200.0
2025-04-08,33.65,33.95,33.3,33.65,1809700.0
2025-04-10,33.75,34.65,33.75,34.4,3362100.0
2025-04-11,34.45,34.5,33.85,34.3,1605000.0
2025-04-14,34.4,34.4,33.8,34.2,956300.0
2025-04-15,34.3,34.3,34.0,34.2,378400.0
2025-04-16,34.2,34.2,33.9,33.9,516400.0
2025-04-21,33.9,34.1,33.5,34.1,859300.0
2025-04-22,34.1,34.1,33.35,33.5,1731500.0
2025-04-23,33.55,33.55,32.75,33.15,1325300.0
2025-04-24,33.25,33.6,32.5,32.5,3045500.0
2025-04-25,32.55,32.95,32.5,32.55,999300.0
2025-04-28,32.7,33.0,32.7,32.8,1145900.0
2025-04-29,33.0,33.0,32.6,32.85,1166300.0
2025-04-30,32.9,34.0,32.9,34.0,1524200.0
2025-05-02,33.95,33.95,33.35,33.5,951500.0
2025-05-05,33.4,33.4,32.6,33.0,2033700.0
2025-05-06,32.95,32.95,32.55,32.55,1548000.0
2025-05-07,32.65,32.95,32.55,32.65,1762900.0
2025-05-08,32.65,32.8,32.6,32.6,1282200.0
2025-05-09,32.7,33.0,32.55,32.7,983600.0
2025-05-13,33.0,33.25,32.7,32.7,1064800.0
2025-05-14,32.85,33.0,32.0,32.0,2423300.0
2025-05-15,32.15,32.5,32.0,32.5,866200.0
2025-05-16,32.5,34.0,32.35,32.45,642900.0
2025-05-19,32.85,33.4,32.3,32.3,673800.0
2025-05-20,32.6,32.6,31.8,31.95,1615600.0
2025-05-21,31.95,32.95,31.7,32.95,998900.0
2025-05-22,32.9,32.95,32.1,32.55,614600.0
2025-05-23,32.7,32.7,32.1,32.55,447900.0
2025-05-26,32.6,32.7,32.4,32.5,540500.0
2025-05-27,32.55,33.1,32.25,32.5,1137500.0
2025-05-28,32.5,33.0,32.4,33.0,1020600.0
2025-05-29,33.0,33.0,32.6,33.0,828000.0
2025-05-30,33.0,33.0,32.5,32.5,895700.0
2025-06-02,32.9,33.0,32.65,32.85,357000.0
2025-06-03,33.0,33.25,32.9,33.15,575100.0
2025-06-04,33.25,33.35,33.0,33.15,362400.0
2025-06-05,33.2,33.25,32.95,33.1,936700.0
2025-06-09,33.1,33.1,32.8,32.9,782300.0
2025-06-10,32.95,32.95,32.5,32.6,1788300.0
2025-06-11,32.9,32.95,32.6,32.7,811800.0
2025-06-13,32.7,33.05,32.6,32.85,1723200.0
2025-06-16,32.9,33.7,32.9,33.0,1776500.0
2025-06-17,33.0,33.0,32.75,32.95,1363100.0
2025-06-18,32.95,33.55,32.95,33.35,583000.0
2025-06-19,33.6,33.6,33.0,33.3,1300400.0
2025-06-20,33.4,33.65,32.7,32.7,9115800.0
2025-06-23,32.7,32.85,32.6,32.6,2556900.0
2025-06-24,32.7,32.85,32.6,32.65,2213000.0
2025-06-25,32.65,32.8,32.65,32.75,963500.0
2025-06-26,32.8,33.3,32.7,33.25,917000.0
2025-06-27,33.3,33.45,33.2,33.45,1293100.0
2025-06-30,33.45,33.5,33.0,33.0,1542300.0
2025-07-01,33.0,33.35,32.85,33.0,1073500.0
2025-07-02,33.1,33.35,33.05,33.25,1879200.0
2025-07-03,33.3,33.55,32.7,33.0,1958700.0
2025-07-04,32.6,33.0,32.6,32.8,875400.0
2025-07-07,32.5,33.15,32.5,32.95,1506600.0
2025-07-08,32.9,33.0,32.7,32.8,672200.0
2025-07-09,33.0,33.0,32.5,32.5,1898200.0
2025-07-10,32.6,32.9,32.55,32.55,852800.0
2025-07-11,32.8,32.9,32.6,32.65,576400.0
2025-07-14,32.7,32.8,32.55,32.55,725100.0
2025-07-15,32.7,32.95,32.65,32.9,1482400.0
2025-07-16,32.9,32.95,32.55,32.55,1339200.0
2025-07-17,32.6,32.7,32.35,32.55,1584900.0
2025-07-18,32.55,32.75,32.3,32.7,1203200.0
2025-07-21,32.7,32.75,32.4,32.5,745300.0
2025-07-22,32.5,32.85,32.4,32.85,710000.0
2025-07-23,32.8,32.8,32.55,32.55,458800.0
2025-07-24,32.8,33.5,32.6,33.3,1584100.0
2025-07-25,33.3,33.35,33.0,33.3,682800.0
2025-07-28,33.35,33.35,32.85,32.85,588200.0
2025-07-29,32.95,33.2,32.45,32.85,1162900.0
2025-07-30,32.75,33.0,32.65,33.0,562000.0
2025-07-31,33.0,33.2,32.75,33.0,1220400.0
2025-08-01,33.0,33.05,32.85,32.95,296800.0
2025-08-04,32.7,32.7,32.3,32.45,1377000.0
2025-08-05,32.45,32.75,32.45,32.75,877500.0
2025-08-06,32.75,32.75,32.3,32.5,945400.0
2025-08-07,32.5,32.65,32.25,32.5,548200.0
2025-08-08,32.5,32.65,32.25,32.4,1558500.0
2025-08-11,32.5,32.6,32.35,32.4,495400.0
2025-08-12,32.4,32.5,32.2,32.45,1180700.0
2025-08-13,32.45,32.6,32.15,32.45,1359300.0
2025-08-14,32.45,32.55,32.3,32.5,1528400.0
2025-08-15,32.5,32.7,32.45,32.7,1149300.0
2025-08-18,32.7,32.7,32.4,32.4,811000.0
2025-08-19,32.6,32.6,32.4,32.6,573600.0
2025-08-20,32.6,32.7,32.4,32.4,682600.0
2025-08-22,32.55,32.6,32.35,32.5,970900.0
2025-08-26,32.5,32.75,32.25,32.25,1247300.0
2025-08-27,32.3,33.25,32.25,33.25,1977000.0
2025-08-28,33.0,33.2,32.9,32.95,323000.0
2025-08-29,33.05,33.05,32.8,32.9,436600.0
2025-09-01,32.9,33.1,32.8,32.9,197200.0
2025-09-02,32.9,33.1,32.85,33.1,516700.0
2025-09-03,33.15,33.6,32.95,33.25,1632300.0
2025-09-04,32.85,33.2,32.3,32.85,1539600.0
2025-09-05,32.85,33.1,32.8,33.1,606800.0
2025-09-08,33.1,34.9,33.0,34.85,5805500.0
2025-09-09,34.85,35.0,34.25,35.0,4098200.0
2025-09-10,34.8,35.5,34.75,35.5,3964800.0
2025-09-11,35.5,35.5,34.45,34.9,856700.0
2025-09-12,34.9,35.35,34.5,35.1,2882700.0
2025-09-15,35.1,35.45,34.95,35.3,1292200.0
2025-09-16,35.3,35.7,35.15,35.65,2635500.0
2025-09-17,35.5,36.0,35.5,36.0,3487300.0
2025-09-18,35.95,35.95,35.6,35.85,2309900.0
2025-09-19,35.75,35.75,35.05,35.05,1854600.0
2025-09-22,35.05,35.8,35.0,35.65,1359900.0
2025-09-23,35.65,35.65,35.05,35.05,446700.0
2025-09-24,35.2,35.65,35.0,35.4,586400.0
2025-09-25,35.4,35.4,35.0,35.1,1073600.0
2025-09-26,35.1,35.7,34.95,35.0,1046600.0
2025-09-29,35.0,35.4,34.95,35.15,1017800.0
2025-09-30,35.2,35.95,34.95,35.2,1672700.0
2025-10-01,35.2,35.7,35.0,35.6,1296600.0
2025-10-02,35.5,35.5,35.0,35.25,616900.0
2025-10-03,35.35,35.75,35.35,35.7,1361800.0
2025-10-06,35.6,35.6,35.25,35.25,1040700.0
2025-10-07,35.25,35.35,34.85,35.0,1694900.0
2025-10-08,35.2,35.4,34.85,34.9,888800.0
2025-10-09,34.95,34.95,34.25,34.4,1614300.0
2025-10-10,34.4,35.05,34.1,35.05,2222200.0
2025-10-13,35.05,35.05,34.35,34.45,724600.0
2025-10-14,34.45,35.0,34.4,34.6,797300.0
2025-10-15,34.95,34.95,34.0,34.0,4707200.0
2025-10-16,34.05,34.9,34.05,34.9,1152700.0
2025-10-17,34.85,34.85,34.1,34.1,756400.0
2025-10-20,34.3,34.3,33.0,34.0,2527900.0
2025-10-21,33.65,33.65,33.0,33.0,1965600.0
2025-10-22,33.0,33.25,33.0,33.25,1990900.0
2025-10-23,33.25,33.65,33.25,33.4,2396200.0
2025-10-24,33.4,33.5,33.15,33.4,1671000.0
2025-10-27,33.4,33.4,33.0,33.2,1055500.0
2025-10-28,33.25,33.35,33.05,33.1,856400.0
2025-10-29,33.1,33.35,33.05,33.2,1580900.0
2025-10-30,33.1,33.4,33.05,33.05,1074800.0
2025-11-03,32.0,32.2,31.0,31.95,2436400.0
2025-11-04,31.5,31.5,30.0,30.3,2816100.0
2025-11-05,30.9,30.9,29.6,30.1,2735000.0
2025-11-06,30.2,30.4,30.0,30.1,1418800.0
2025-11-07,30.1,30.1,29.0,30.0,2125300.0
2025-11-10,30.0,30.0,29.15,29.5,1772300.0
2025-11-11,29.65,29.75,28.5,29.0,2350700.0
2025-11-12,29.0,29.8,28.55,28.95,2228800.0
2025-11-13,29.1,29.25,28.2,28.25,2773000.0
2025-11-14,28.5,28.5,27.25,27.25,3019100.0
2025-11-17,27.25,28.2,27.0,28.2,3347900.0
2025-11-18,28.0,28.7,27.9,28.05,1891600.0
2025-11-19,27.6,28.3,27.6,28.2,1278800.0
2025-11-20,28.5,28.5,27.9,28.2,2107700.0
2025-11-21,28.25,28.7,27.75,28.3,2637700.0
2025-11-24,28.35,29.0,28.3,29.0,1856000.0
2025-11-25,29.0,29.7,29.0,29.1,1218900.0
2025-11-26,29.15,29.3,28.9,29.15,854000.0
2025-11-27,29.25,29.3,28.95,29.1,729000.0
2025-11-28,29.2,29.25,28.95,29.1,1231000.0
2025-12-01,29.2,29.4,28.95,29.05,1102700.0
2025-12-02,29.05,29.1,28.75,28.85,1029200.0
2025-12-03,29.0,29.1,28.5,28.5,1479600.0
2025-12-04,28.5,28.8,28.5,28.65,489800.0
2025-12-05,28.7,28.75,28.55,28.65,798500.0
2025-12-09,28.65,28.65,28.15,28.15,1477900.0
2025-12-10,28.3,28.45,27.95,27.95,1717600.0
2025-12-11,28.0,28.3,27.5,27.5,2058400.0
2025-12-12,27.65,28.35,27.65,28.1,1029300.0
2025-12-15,28.35,28.6,28.2,28.4,734400.0
2025-12-16,28.4,28.5,27.9,28.1,1568200.0
2025-12-17,28.1,28.5,27.95,28.0,678400.0
2025-12-18,28.1,28.5,27.8,27.9,687500.0
2025-12-19,28.0,28.2,27.9,27.9,523100.0
2025-12-22,28.0,28.2,27.95,28.2,551700.0
2025-12-23,28.2,28.2,27.85,28.05,650600.0
2025-12-26,28.1,28.2,27.8,27.95,690900.0
2025-12-29,28.0,28.25,27.7,28.25,682200.0
2026-01-02,28.35,29.5,28.35,29.4,1785000.0
2026-01-05,29.4,29.6,29.0,29.1,1011100.0
2026-01-06,29.1,29.45,28.9,29.1,1712400.0
2026-01-07,29.3,30.7,28.9,30.4,1881300.0
2026-01-08,30.4,30.45,29.9,30.1,1511000.0
2026-01-09,30.15,30.7,30.15,30.5,940100.0
2026-01-12,30.55,31.0,30.45,31.0,1176200.0
2026-01-13,30.95,30.95,30.35,30.5,1173400.0
2026-01-14,30.5,30.6,30.1,30.2,1460600.0
2026-01-15,30.2,30.45,29.85,29.85,1831000.0
2026-01-16,29.9,30.55,29.9,30.5,546900.0
2026-01-19,30.5,31.8,30.45,31.8,3829300.0
2026-01-20,31.8,31.8,31.05,31.5,658800.0
2026-01-21,31.45,31.45,30.85,30.9,1030000.0
2026-01-22,31.0,31.55,31.0,31.5,1202100.0
2026-01-23,31.5,31.5,31.0,31.1,368800.0
2026-01-26,31.2,31.2,30.8,31.0,956000.0
2026-01-27,31.0,31.0,30.45,31.0,900000.0
2026-01-28,31.0,31.1,30.7,30.85,1198600.0
2026-01-29,30.8,30.8,30.2,30.6,1019100.0
2026-01-30,30.6,31.9,30.35,31.8,1368800.0
2026-02-02,31.9,31.9,31.35,31.75,1458800.0
2026-02-03,31.75,32.3,31.65,32.3,1888800.0
2026-02-04,32.3,32.3,31.4,31.8,1532100.0
2026-02-05,31.8,32.35,31.5,31.65,1871900.0
2026-02-06,31.65,32.35,31.65,32.2,719900.0
2026-02-09,32.2,32.45,31.7,32.15,915000.0
2026-02-10,32.15,32.2,31.85,32.1,839600.0
2026-02-11,32.1,32.4,31.9,32.1,804000.0
2026-02-12,32.1,32.4,31.95,32.25,826800.0
2026-02-13,32.25,33.2,32.0,33.2,6364600.0
2026-02-16,29.2,29.2,25.4,26.1,26978100.0
2026-02-18,25.4,25.4,21.2,22.55,37998900.0
2026-02-19,23.0,25.6,23.0,25.6,15964400.0
2026-02-20,25.6,25.6,24.7,25.55,6321900.0
2026-02-23,25.7,26.75,25.6,26.6,6171400.0
2026-02-24,26.7,26.9,26.2,26.55,6749400.0
2026-02-25,26.7,28.45,26.6,28.2,5350700.0
2026-02-26,28.2,28.45,27.3,28.1,5161100.0
2026-02-27,28.1,28.25,27.7,28.0,3228300.0
2026-03-02,27.9,27.9,27.05,27.5,1735300.0
2026-03-03,27.6,28.15,27.6,28.05,2138900.0
2026-03-04,28.2,28.8,27.05,28.0,2937200.0
2026-03-05,28.0,28.3,27.55,27.95,832800.0
2026-03-06,27.9,28.1,27.5,28.05,1007900.0
2026-03-09,28.05,28.15,26.7,28.0,2682400.0
2026-03-10,28.0,28.7,28.0,28.4,1396000.0
2026-03-11,28.5,28.55,28.0,28.4,2252900.0
2026-03-12,28.5,28.8,28.2,28.65,2059200.0
2026-03-13,28.7,30.85,28.55,30.0,7345000.0
2026-03-16,30.1,30.25,28.4,29.05,1653300.0
2026-03-17,29.55,29.55,27.75,28.5,2344000.0
2026-03-18,28.6,28.8,28.25,28.8,1309100.0
2026-03-19,28.95,30.25,28.7,30.0,3325200.0
2026-03-23,30.0,30.1,29.3,29.9,3046000.0
2026-03-24,29.95,30.2,29.45,29.6,1332300.0
2026-03-25,29.6,29.8,28.8,29.4,1522600.0
2026-03-26,29.5,29.5,28.0,28.9,2894600.0
2026-03-27,28.85,28.85,28.2,28.85,1072900.0
2026-03-30,28.8,28.8,27.75,28.55,1748500.0
2026-03-31,28.55,28.65,27.9,28.65,576800.0
2026-04-01,28.7,29.3,28.6,28.95,981200.0
2026-04-06,28.7,29.4,28.7,29.2,583700.0
2026-04-07,29.0,29.55,29.0,29.4,866800.0
2026-04-08,29.4,30.2,29.4,30.0,1483300.0
2026-04-10,30.1,30.6,29.8,30.05,1688300.0
2026-04-13,30.0,30.2,29.6,29.95,592300.0
2026-04-14,29.95,30.15,29.7,30.0,629800.0
2026-04-15,30.1,30.5,30.0,30.1,623500.0
2026-04-16,30.1,30.45,30.1,30.2,601100.0
2026-04-17,30.1,30.3,30.0,30.15,419400.0
2026-04-20,30.05,30.05,29.5,29.75,622000.0
2026-04-21,29.75,29.75,29.45,29.75,698300.0
2026-04-22,29.75,30.2,29.2,30.1,1321500.0
2026-04-23,30.1,30.9,29.9,30.5,2421400.0
2026-04-24,30.5,30.8,30.5,30.65,1116300.0
2026-04-27,30.5,30.5,29.0,29.5,872400.0
2026-04-28,29.5,29.5,26.05,26.35,7341700.0
2026-04-29,26.35,27.35,26.35,27.35,1727700.0
2026-04-30,27.35,28.05,26.0,26.0,3533500.0
2026-05-04,26.0,26.5,25.0,25.65,2004800.0
2026-05-05,25.65,27.3,25.65,26.75,2465800.0
2026-05-06,26.75,27.75,26.75,27.3,933100.0
2026-05-07,27.65,28.2,27.5,28.05,3246400.0
2026-05-08,28.05,28.05,27.25,27.5,1389500.0
2026-05-11,27.75,28.2,26.9,27.05,1131800.0
2026-05-12,27.0,28.0,27.0,27.85,1060400.0
2026-05-13,27.85,27.85,26.75,27.15,1034900.0
2026-05-14,27.15,27.2,26.65,26.8,483600.0
2026-05-15,26.8,27.1,26.65,26.95,677600.0
2026-05-18,26.9,26.95,26.45,26.95,337500.0
2026-05-19,26.95,26.95,26.0,26.25,869100.0
2026-05-20,26.3,26.4,25.5,25.5,1333800.0
2026-05-21,25.5,25.9,25.3,25.7,1590000.0
2026-05-22,25.7,26.3,25.4,26.25,499200.0
2026-05-25,25.5,26.25,25.5,26.0,298800.0
2026-05-26,26.0,26.0,25.55,25.8,260100.0
2026-05-28,25.8,25.8,25.35,25.75,1156300.0
2026-05-29,25.75,26.0,25.5,26.0,1188600.0
2026-06-01,26.0,26.7,25.7,26.5,1169100.0
2026-06-02,26.4,27.0,25.8,27.0,791100.0
2026-06-03,27.0,27.7,26.85,27.5,1569600.0
2026-06-04,27.5,27.5,26.65,26.8,360100.0
2026-06-05,26.5,26.6,26.1,26.5,466700.0
2026-06-08,26.45,26.45,25.8,26.1,1167900.0
2026-06-09,26.5,26.5,25.85,25.85,559300.0
2026-06-10,26.0,26.05,25.45,26.0,1366100.0
2026-06-11,26.0,26.35,25.8,26.3,701600.0
2026-06-15,26.3,26.6,25.8,26.0,1210000.0
2026-06-16,26.0,26.15,25.9,25.95,490800.0
2026-06-17,25.95,26.05,24.7,25.2,1558800.0
2026-06-18,25.2,25.55,25.0,25.55,204200.0
2026-06-19,25.5,25.9,24.9,25.3,845000.0
2026-06-22,25.3,25.3,24.55,25.05,922000.0
2026-06-23,25.05,25.05,23.85,24.15,1396200.0
2026-06-24,24.1,24.35,24.0,24.1,784100.0
2026-06-25,24.1,24.1,23.05,23.05,1641200.0
2026-06-26,23.05,24.0,23.05,24.0,1410600.0
2026-06-29,24.0,24.05,23.05,23.05,590000.0
2026-06-30,23.3,23.35,22.75,23.0,943800.0
2026-07-01,23.15,23.15,22.2,22.55,39774510.0
2026-07-02,22.6,22.6,21.8,22.1,53952765.0
2026-07-03,22.1,22.3,21.9,22.1,25584305.0
2026-07-06,22.1,22.8,22.05,22.65,20098690.0
2026-07-07,22.65,22.65,21.9,21.9,31608770.0
2026-07-08,21.9,21.95,21.65,21.65,41456895.0
2026-07-09,21.65,21.85,21.65,21.8,9075260.0
2026-07-10,21.8,21.95,21.8,21.8,22186110.0
2026-07-13,21.8,21.9,21.45,21.45,30542000.0
2026-07-14,21.45,21.6,20.9,20.95,33515620.0
2026-07-15,20.95,21.4,20.8,20.9,20552075.0
2026-07-16,20.9,21.4,20.1,20.1,127424930.0
2026-07-17,19.98,20.65,19.1,20.25,108076785.0
2026-07-20,20.25,20.25,19.46,19.72,34730959.0
2026-07-21,19.74,21.6,19.58,20.9,54786474.0
2026-07-22,21.0,22.25,21.0,21.55,89239845.0
2026-07-23,21.9,23.0,21.1,22.65,112776825.0
2026-07-24,22.95,22.95,21.75,21.75,34872855.0
2026-07-27,21.85,22.2,21.0,21.8,35239020.0
2026-07-28,21.8,21.8,20.9,21.0,38554325.0
2026-07-29,21.0,21.5,20.85,20.9,46986295.0
2026-07-30,20.95,21.2,20.65,20.7,25062690.0
2026-07-31,20.7,21.25,20.45,20.45,25734765.0
2026-08-03,20.5,21.3,20.5,21.05,31207730.0
2026-08-04,21.3,21.3,20.8,20.8,15146840.0
2026-08-05,20.9,21.0,20.3,20.3,28152880.0
2026-08-06,20.35,20.8,20.3,20.3,21438630.0
2026-08-07,20.3,20.3,19.54,20.0,74924211.0
2026-08-10,19.96,20.1,19.22,19.22,126296854.0
2026-08-11,19.36,19.38,17.7,18.04,147521634.0
2026-08-12,18.0,18.88,17.88,18.44,70124370.0
2026-08-13,18.5,19.3,18.34,18.42,66015600.0
